Unnamed: 0,iso3,country,year,hdi,life_expectancy,pop_millions,hdi_f,hdi_m,life_expec_f,life_expec_m,expec_yr_school,expec_yr_school_f,expec_yr_school_m,mean_yr_school,mean_yr_school_f,mean_yr_school_m,gross_inc_percap,gross_inc_percap_f,gross_inc_percap_m,gender_development,gender_inequality,secondary_education_f_%,secondary_education_m_%,seats_in_parliament_f_%,seats_in_parliament_m_%,labour_participation_f_%,labour_participation_m_%,co2_emission_tons,mat_footprint_percap_tons
397,BHR,Bahrain,1990,0.733,72.668,0.5174185,0.695620931,0.753959687,73.701,71.84,13.29489804,13.48758356,13.10221252,5.108272499,4.812859676,5.319875445,39137.16858,19771.21035,52856.70191,0.923,,33.69441133,31.6791456,,,28.0,89.2,22.33339389,36.3826
398,BHR,Bahrain,1991,0.727,72.764,0.535415,0.690610307,0.746660241,73.599,72.05,12.49958038,12.91444016,12.13296032,5.387740135,5.024159908,5.633299828,38598.50737,19464.29198,52155.94235,0.925,,35.70000076,35.22806168,,,29.24,88.23,21.27545922,41.9695
399,BHR,Bahrain,1992,0.727,72.953,0.55447,0.693200857,0.744530094,73.995,72.112,11.75183964,12.5752697,11.23540974,5.68249712,5.24473691,5.965189838,42416.39005,20247.02977,58090.04901,0.931,,37.82496872,39.17455177,,,29.7,88.9,18.92347647,35.9813
400,BHR,Bahrain,1993,0.732,73.375,0.5737555,0.696611455,0.748848332,74.352,72.578,11.5489397,12.38325977,10.86590958,5.977254105,5.465313911,6.297079849,44239.02663,20679.37103,60859.14952,0.93,,39.94993668,43.12104187,,,30.4,88.6,29.35050675,38.1137
401,BHR,Bahrain,1994,0.732,73.517,0.593254,0.696028635,0.748250099,74.702,72.596,11.29162979,12.16362953,10.59422016,6.272011089,5.685890913,6.62896986,41633.74867,19444.60581,57253.52125,0.93,,42.07490463,47.06753197,,,31.1,88.3,24.34539,33.7625
402,BHR,Bahrain,1995,0.737,73.799,0.612934,0.688961675,0.755922247,75.111,72.802,11.17031956,12.01840973,10.50349045,6.566768074,5.906467915,6.960859871,42316.54989,15443.9691,61194.28001,0.911,,44.19987259,51.01402206,,,31.7,88.0,24.18384361,25.8235
403,BHR,Bahrain,1996,0.742,74.355,0.632756,0.695183505,0.760776804,75.963,73.182,11.00928974,11.84370995,10.33917046,6.861525059,6.127044916,7.292749882,42547.12886,15936.26845,61204.57826,0.914,,46.32484055,54.96051216,,,32.4,87.7,25.31560349,25.9083
404,BHR,Bahrain,1997,0.747,74.535,0.6526425,0.700531347,0.764906284,76.367,73.233,11.06060664,11.92431323,10.36521022,7.156282043,6.347621918,7.624639893,40988.27681,15746.40089,58652.99124,0.916,,48.4498085,58.90700226,,,33.1,87.5,26.49059287,24.0553
405,BHR,Bahrain,1998,0.753,74.641,0.6724835,0.720433178,0.768861739,76.636,73.245,11.11192354,12.00491651,10.39124997,7.451039028,6.568198919,7.956529903,42114.69975,21709.59491,56368.66146,0.937,,50.57477646,62.85349236,,,33.7,87.2,27.31128176,23.694
406,BHR,Bahrain,1999,0.761,74.98,0.6921325,0.723827132,0.777616638,76.716,73.735,11.16324043,12.08551979,10.41728973,7.745796013,6.788775921,8.288419914,42802.19131,21181.11479,57876.58125,0.931,,52.69974442,66.79998245,,,34.4,86.9,26.4613882,22.4249
407,BHR,Bahrain,2000,0.775,75.496,0.711442,0.73998999,0.791488653,77.48,74.099,11.61752534,12.57522225,10.84870219,8.040552998,7.009352922,8.620309925,45069.75225,23048.16076,60388.9297,0.935,,54.82471237,70.74647255,,,35.1,86.6,27.03495155,23.8239
408,BHR,Bahrain,2001,0.786,75.908,0.730257,0.747687966,0.804072033,77.669,74.634,12.07181025,13.06492472,11.28011465,8.335309982,7.229929924,8.952199936,44596.96124,22106.15636,60199.82851,0.93,,56.94968033,74.69296265,,,35.51,85.96,21.05409465,22.5484
409,BHR,Bahrain,2002,0.792,76.088,0.7483245,0.757276685,0.807868869,77.908,74.772,12.52609515,13.55462718,11.71152711,8.301632245,7.313648807,8.852637715,44454.77914,22975.8555,59304.20279,0.937,,56.92242898,72.39485465,,,36.4,86.1,21.20471881,25.9393
410,BHR,Bahrain,2003,0.799,76.337,0.7782565,0.768507395,0.813589119,77.97,75.126,12.98038006,14.04432964,12.14293957,8.267954508,7.397367689,8.753075494,45712.943,25215.26021,59735.90257,0.945,0.358,56.89517763,70.09674666,7.5,92.5,37.1,85.7,21.54753706,23.7338
411,BHR,Bahrain,2004,0.795,76.56,0.833451,0.774661575,0.805247599,78.253,75.308,12.56597996,13.72264004,11.69565964,8.234276772,7.481086572,8.653513273,45712.9919,29593.00662,56508.76847,0.962,0.355,56.86792628,67.79863866,7.5,92.5,37.2,82.49,21.45717025,32.7078
412,BHR,Bahrain,2005,0.791,76.931,0.901921,0.774948093,0.799263219,78.723,75.617,12.15157986,13.40095043,11.24837971,8.200599035,7.564805455,8.553951052,45664.45993,30018.91997,55901.69131,0.97,0.358,56.84067493,65.50053067,7.5,92.5,26.38,64.5,21.95768809,30.7822
413,BHR,Bahrain,2006,0.794,77.156,0.9709805,0.78233381,0.801420382,78.941,75.842,12.40688992,13.54226971,11.60953999,8.166921298,7.648524337,8.45438883,45300.72249,32511.78676,53505.33071,0.976,0.291,56.81342358,63.20242267,13.75,86.25,39.13,84.93,20.00152423,31.0328
414,BHR,Bahrain,2007,0.8,77.634,1.040532,0.787406423,0.806360342,79.469,76.281,12.65253201,13.7270298,11.88183193,8.133243561,7.73224322,8.354826609,46035.82655,32064.52327,54848.53318,0.976,0.268,56.78617223,60.90431468,13.75,86.25,40.27,85.53,25.7282813,34.5403
415,BHR,Bahrain,2008,0.803,78.084,1.1103435,0.792273062,0.808827326,79.719,76.838,12.8981741,13.91178989,12.15412388,8.099565824,7.815962103,8.255264388,44742.87699,32396.66012,52416.01225,0.98,0.264,56.75892088,58.60620668,13.75,86.25,41.41,86.13,26.73164959,40.1543
416,BHR,Bahrain,2009,0.803,78.461,1.1794525,0.767689848,0.814531388,79.901,77.323,13.14381618,14.09654999,12.42641582,8.065888087,7.899680985,8.155702167,40494.84868,17749.98622,54442.27551,0.942,0.264,56.73166953,56.30809869,13.75,86.25,42.54,86.73,23.82299252,36.711
417,BHR,Bahrain,2010,0.807,78.748,1.2136445,0.775176959,0.818418884,79.966,77.737,13.38945827,14.28131008,12.69870777,8.03221035,7.983399868,8.056139946,41243.30109,19292.21503,54624.88417,0.947,0.259,56.70441818,54.00999069,15.0,85.0,43.68,87.33,23.95708795,30.3643
418,BHR,Bahrain,2011,0.812,78.89,1.212077,0.777704342,0.824407766,80.109,77.882,13.63510036,14.46607018,12.97099972,8.247186979,8.142049869,8.299193223,39814.25241,18469.19523,52790.69162,0.943,0.246,58.30435499,56.78722572,18.75,81.25,42.54,86.42,23.48662667,27.752
419,BHR,Bahrain,2012,0.827,79.081,1.2249395,0.795890965,0.837833225,80.369,78.03,14.04588032,15.07763004,13.24806023,8.462163607,8.30069987,8.542246501,46027.82681,21919.48037,60501.08367,0.95,0.242,59.90429179,59.56446075,18.75,81.25,42.79,86.55,22.13906162,35.7505
420,BHR,Bahrain,2013,0.839,79.246,1.261673,0.806031091,0.849651187,80.646,78.126,14.66265011,15.7620697,13.83710003,8.677140236,8.459349871,8.785299778,46836.14835,21785.58824,61931.78503,0.949,0.239,61.50422859,62.34169579,18.75,81.25,43.04,86.68,24.69554314,33.5626
421,BHR,Bahrain,2014,0.839,79.328,1.3111345,0.805952592,0.851651681,80.813,78.2,14.44705963,15.46693039,13.70466042,8.892116865,8.617999872,9.028353055,46483.23369,21890.3596,61663.89676,0.946,0.231,63.1041654,65.11893082,17.5,82.5,43.29,86.81,23.56715637,32.9356
422,BHR,Bahrain,2015,0.859,79.405,1.362142,0.818515209,0.876575619,80.84,78.342,16.06879997,16.74765968,15.60006046,9.107093493,8.776649872,9.271406333,45765.10722,20803.29053,61199.58269,0.934,0.241,64.7041022,67.89616585,15.0,85.0,43.54,86.94,23.82989439,30.6178
423,BHR,Bahrain,2016,0.862,79.557,1.409661,0.822488354,0.878874981,81.033,78.462,16.04701996,16.86128998,15.47630978,9.322070122,8.935299873,9.51445961,45850.56256,20819.03478,61052.72067,0.936,0.236,66.304039,70.67340088,15.0,85.0,43.74,86.99,22.38800676,29.2859
424,BHR,Bahrain,2017,0.867,79.689,1.456834,0.824863033,0.883753147,81.116,78.612,16.06158066,16.91293907,15.48458958,9.586489677,9.132490158,9.798859596,46185.09071,20470.80606,61538.08009,0.933,0.236,68.06703186,74.34480286,15.0,85.0,43.04,86.37,22.53873811,27.3982
425,BHR,Bahrain,2018,0.88,79.857,1.4873395,0.836430963,0.898659407,81.195,78.816,16.06510925,16.58230972,15.80702019,10.54808998,10.42420006,10.60783958,46224.43292,20212.63555,61724.03337,0.931,0.203,77.85112,80.93598175,18.75,81.25,42.4,86.51,21.94313338,25.218
426,BHR,Bahrain,2019,0.888,80.019,1.4941885,0.868575096,0.901044143,81.319,78.98,16.43700027,16.98129082,16.14517975,10.79733992,10.60428524,10.89054966,46857.13387,33342.50064,54976.5311,0.964,0.194,78.87734604,82.0080719,18.75,81.25,42.33,86.16,25.15285894,24.9088
427,BHR,Bahrain,2020,0.884,79.174,1.477469,0.8636048,0.897164112,80.433,78.165,16.39122709,16.98966408,16.00690651,11.04658985,10.78437042,11.17325974,44780.53541,31548.34434,52788.58217,0.963,0.197,79.90357208,83.08016205,18.75,81.25,41.85,85.54,25.31078486,23.5735
428,BHR,Bahrain,2021,0.884,78.76,1.4632655,0.84256302,0.901353194,80.018,77.757,16.3454539,16.99803734,15.86863327,11.04658985,10.78437042,11.17325974,46757.30276,21717.93517,62040.68089,0.935,0.192,79.90357208,83.08016205,18.75,81.25,42.43,85.77,26.05303892,19.6832
429,BHR,Bahrain,2022,0.888,79.246,1.472233,0.847333815,0.90429854,80.497,78.242,16.29968071,17.0064106,15.73036003,11.04658985,10.78437042,11.17325974,48731.44564,22722.17852,64699.53364,0.937,0.181,79.90357208,83.08016205,22.5,77.5,42.43,85.77,26.05303892,20.3063
2641,IRQ,Iraq,1990,0.497,58.435,17.6583815,,,63.701,53.542,7.300449555,5.056394295,8.731065561,3.579930663,2.16469637,5.073653212,7153.107833,,,,,14.14126805,28.32865541,6.4,93.6,,,2.778114256,2.294
2642,IRQ,Iraq,1991,0.471,62.519,17.8463785,,,66.696,58.436,7.405083679,5.244863099,8.815180621,3.799888785,2.371954533,5.308503535,2399.427379,,,,,15.19188891,29.75331794,6.4,93.6,,,2.531908716,3.8064
2643,IRQ,Iraq,1992,0.502,66.708,18.385673,,,69.376,63.916,7.511217477,5.440356767,8.900106044,4.019846907,2.579212696,5.543353858,2973.008714,,,,,16.24250976,31.17798047,6.4,93.6,,,3.203004861,7.6959
2644,IRQ,Iraq,1993,0.524,66.897,19.295818,,,69.708,63.974,7.618872444,5.643137142,8.985849639,4.239805029,2.786470859,5.778204182,4209.081276,,,,,17.29313062,32.60264299,6.4,93.6,,,3.271683014,5.0928
2645,IRQ,Iraq,1994,0.524,66.744,20.248073,,,69.542,63.841,7.728070382,5.853475823,9.072419287,4.459763152,2.993729022,6.013054505,3823.556966,,,,,18.34375147,34.02730552,6.4,93.6,,,3.775011084,4.4346
2646,IRQ,Iraq,1995,0.516,66.464,20.948858,0.359546694,0.584818729,69.165,63.66,7.838833406,6.071654533,9.159822947,4.679721274,3.200987185,6.247904828,3023.975591,474.2298092,5624.357385,0.615,0.718,19.39437233,35.45196805,6.4,93.6,8.26,77.28,3.804269426,4.0215
2647,IRQ,Iraq,1996,0.539,66.391,21.6393315,0.391165475,0.606672567,68.842,63.825,7.951183948,6.297965496,9.248068654,4.874990219,3.408245348,6.431797063,4386.107247,686.2100299,8152.384915,0.645,0.717,20.20561122,36.30603403,6.4,93.6,8.26,77.28,3.452504911,4.5645
2648,IRQ,Iraq,1997,0.549,65.837,22.33077,0.408487182,0.614979812,68.321,63.254,8.06514476,6.532711829,9.337164519,5.070259164,3.615503511,6.615689297,5152.167573,832.8348456,9540.737634,0.664,0.712,21.0168501,37.16010002,6.4,93.6,8.75,77.28,3.411163162,3.1894
2649,IRQ,Iraq,1998,0.564,65.486,23.0534885,0.434223175,0.629194215,67.868,63.004,8.180738923,6.776207947,9.427118734,5.26552811,3.822761674,6.799581531,6754.537031,1170.613422,12417.70551,0.69,0.708,21.82808899,38.014166,6.4,93.6,9.27,77.2,3.506506261,3.5144
2650,IRQ,Iraq,1999,0.577,66.182,23.820734,0.45289046,0.639545082,69.002,63.295,8.297989845,7.028779984,9.517939568,5.460797055,4.030019837,6.983473766,7654.717627,1357.337873,14031.20606,0.708,0.694,22.63932788,38.86823198,6.4,93.6,9.51,77.06,3.444175986,5.2899
2651,IRQ,Iraq,2000,0.583,66.817,24.628858,0.460296909,0.644930562,69.849,63.734,8.340339661,7.011290073,9.618020058,5.656066,4.237278,7.167366,7605.960499,1398.219788,13883.27351,0.714,0.672,23.45056677,39.72229797,7.6,92.4,9.73,75.63,3.38081043,4.9248
2652,IRQ,Iraq,2001,0.588,67.034,25.425663,0.464316831,0.650239506,69.965,64.041,8.612099648,7.26820004,9.904439926,5.738294667,4.322005,7.235318333,7531.255315,1377.867009,13745.78942,0.714,0.669,24.35046564,40.60928298,7.6,92.4,9.81,76.57,3.788782224,7.2531
2653,IRQ,Iraq,2002,0.588,67.084,26.255343,0.461733537,0.64917544,70.114,64.005,8.883859634,7.525110006,10.19085979,5.820523333,4.406732,7.303270667,6707.992261,1217.695712,12246.1902,0.711,0.669,25.25036452,41.49626799,7.6,92.4,9.78,76.87,3.676962057,6.2037
2654,IRQ,Iraq,2003,0.566,65.643,27.068823,0.437880251,0.622759472,69.925,61.525,9.155619621,7.782019973,10.47727966,5.902752,4.491459,7.371223,4451.372093,802.0974401,8130.147559,0.703,0.674,26.1502634,42.38325301,7.6,92.4,9.7,76.78,3.741089888,6.0605
2655,IRQ,Iraq,2004,0.588,65.031,27.858948,0.468465534,0.639986742,69.917,60.435,9.427379608,8.038929939,10.76369953,5.984980667,4.576186,7.439175333,6670.300199,1196.972631,12188.379,0.732,0.678,27.05016227,43.27023802,7.6,92.4,9.55,75.92,4.049079671,7.7137
2656,IRQ,Iraq,2005,0.591,64.844,28.6986845,0.473847806,0.641392753,69.873,60.137,9.659049664,8.332022805,10.93328103,6.067209333,4.660913,7.507127667,6704.469036,1216.326363,12239.77483,0.739,0.678,27.95006115,44.15722304,7.6,92.4,9.81,77.05,3.972994023,9.0145
2657,IRQ,Iraq,2006,0.591,63.587,28.905607,0.47954841,0.636072329,69.549,58.189,9.89071972,8.625115671,11.10286252,6.149438,4.74564,7.57508,7003.770245,1262.439985,12799.6694,0.754,0.63,28.51083557,44.51018821,25.45454545,74.54545455,9.6,76.04,3.409857472,6.4974
2658,IRQ,Iraq,2007,0.596,63.553,28.660887,0.500876326,0.63882042,69.422,58.215,10.12238978,8.918208537,11.27244402,6.226963,4.8510632,7.6317208,7222.775242,1668.592406,12836.94383,0.784,0.604,29.07160999,44.86315338,25.45454545,74.54545455,12.22,72.3,2.131343667,6.3071
2659,IRQ,Iraq,2008,0.612,64.942,29.2183815,0.513359905,0.65962638,69.351,60.716,10.35405983,9.211301403,11.44202551,6.304488,4.9564864,7.6883616,8177.345931,1912.291506,14513.9693,0.778,0.605,29.63238442,45.21611855,25.45454545,74.54545455,12.16,72.13,3.215037822,7.0151
2660,IRQ,Iraq,2009,0.622,66.446,30.2890405,0.518268141,0.674567474,69.589,63.266,10.58572989,9.504394268,11.61160701,6.382013,5.0619096,7.7450024,8112.242749,1890.875038,14401.47778,0.768,0.604,30.19315884,45.56908372,25.45454545,74.54545455,12.09,71.95,3.460505846,9.6178
2661,IRQ,Iraq,2010,0.629,67.062,31.264875,0.529105255,0.680819405,70.145,63.929,10.81739994,9.797487134,11.7811885,6.459538,5.1673328,7.8016432,8256.523015,2029.409111,14545.07823,0.777,0.602,30.75393326,45.92204889,25.23076923,74.76923077,12.03,71.78,3.631433038,8.5894
2662,IRQ,Iraq,2011,0.637,67.659,32.378061,0.535708927,0.689129298,70.348,64.876,11.04907,10.09058,11.95077,6.537063,5.272756,7.858284,8466.484633,2073.216101,14915.05172,0.777,0.602,32.98151545,47.12542238,25.23076923,74.76923077,11.96,71.6,3.796932126,9.1749
2663,IRQ,Iraq,2012,0.644,68.023,33.864447,0.543707981,0.697168654,70.518,65.418,11.17834286,10.26099857,12.04153714,6.558606861,5.297212311,7.874793396,9285.29449,2265.409563,16356.20963,0.78,0.599,35.20909765,48.32879586,25.23076923,74.76923077,11.9,71.43,3.939857633,6.6343
2664,IRQ,Iraq,2013,0.648,68.253,35.4817995,0.550551093,0.700098034,70.702,65.694,11.30761571,10.43141714,12.13230429,6.580150722,5.321668622,7.891302792,9441.922692,2426.2833,16498.987,0.786,0.59,37.43667984,49.53216934,25.23076923,74.76923077,12.76,72.03,3.975350743,7.3382
2665,IRQ,Iraq,2014,0.651,68.914,36.746488,0.553896925,0.703511199,71.175,66.522,11.43688857,10.60183571,12.22307143,6.601694582,5.346124933,7.907812189,9123.515435,2400.185568,15877.34804,0.787,0.577,34.80253601,47.73660736,25.30487805,74.69512195,13.61,72.62,3.72882165,6.3014
2666,IRQ,Iraq,2015,0.656,69.44,37.7578125,0.560567824,0.709937927,71.213,67.515,11.56616143,10.77225429,12.31383857,6.623238443,5.370581244,7.924321585,9309.567144,2588.293527,16051.26405,0.79,0.571,32.16839218,45.94104538,26.52439024,73.47560976,14.08,72.36,3.760456147,5.529
2667,IRQ,Iraq,2016,0.661,68.988,38.697943,0.57366954,0.706704023,72.38,65.614,11.69543429,10.94267286,12.40460571,6.644782304,5.395037554,7.940830981,10333.63631,2897.527709,17785.27477,0.812,0.554,29.53424835,44.1454834,26.52439024,73.47560976,14.55,72.09,4.10597018,4.4562
2668,IRQ,Iraq,2017,0.667,70.413,39.6211615,0.56188139,0.716726363,73.235,67.513,11.82470714,11.11309143,12.49537286,6.666326165,5.419493865,7.957340377,9900.07984,2164.07751,17648.42102,0.784,0.578,26.90010452,42.34992142,25.30487805,74.69512195,11.18,72.42,4.466378346,3.8962
2669,IRQ,Iraq,2018,0.673,71.514,40.5906995,0.566638856,0.727337679,73.293,69.559,11.95398,11.28351,12.58614,6.687870026,5.443950176,7.973849773,9902.057281,2252.042257,17556.65701,0.779,0.574,24.26596069,40.55435944,25.22796353,74.77203647,11.08,71.38,4.526985245,4.3033
2670,IRQ,Iraq,2019,0.678,71.576,41.5635205,0.572533848,0.730006571,73.428,69.559,12.08762083,11.46210614,12.6789244,6.749874486,5.54605463,7.984703471,10236.62335,2335.635048,18132.33431,0.784,0.572,24.78276917,40.45365688,25.22796353,74.77203647,10.98,70.33,4.561848948,4.988
2671,IRQ,Iraq,2020,0.661,69.123,42.5569835,0.557775944,0.711412215,71.185,66.954,12.22275571,11.6435291,12.7723928,6.811878947,5.648159084,7.995557168,8749.302168,2003.301818,15483.21171,0.784,0.569,25.29957764,40.35295432,26.443769,73.556231,10.87,69.29,3.755912308,5.8825
2672,IRQ,Iraq,2021,0.667,70.378,43.5335925,0.560131542,0.717140656,72.422,68.2,12.22275571,11.6435291,12.7723928,6.811878947,5.648159084,7.995557168,8684.231347,1930.380019,15419.11248,0.781,0.563,25.29957764,40.35295432,28.87537994,71.12462006,10.77,68.24,3.872579593,5.0368
2673,IRQ,Iraq,2022,0.673,71.336,44.4961215,0.568529848,0.723617504,73.362,69.162,12.22275571,11.6435291,12.7723928,6.811878947,5.648159084,7.995557168,9091.865377,2086.880407,16070.25809,0.786,0.562,25.29957764,40.35295432,28.87537994,71.12462006,10.77,68.24,3.872579593,5.2271
2707,ISR,Israel,1990,0.781,77.194,4.803254,0.746507883,0.818971678,78.972,75.331,12.10217953,12.26755047,11.94390011,9.903128995,8.971631928,11.63989276,21602.0835,14179.34715,29248.68637,0.912,0.342,84.84979411,88.67810816,7.5,92.5,46.25,71.82,7.45836052,28.9019
2708,ISR,Israel,1991,0.786,77.0,4.942812,0.75280608,0.823247192,78.802,75.109,12.33714008,12.52437019,12.15771961,9.969568845,9.053343818,11.6892492,22834.98819,15123.68825,30786.72795,0.914,0.337,85.71202673,89.03211258,7.5,92.5,46.66,71.87,7.313347139,28.6118
2709,ISR,Israel,1992,0.791,76.869,5.0793885,0.759200563,0.82646547,78.769,74.878,12.53806496,12.72486496,12.35895967,10.0360087,9.135055707,11.73860564,23880.63732,16172.99545,31834.61086,0.919,0.332,86.57425935,89.386117,7.5,92.5,47.94,71.53,8.284953171,29.6108
2710,ISR,Israel,1993,0.797,77.45,5.212998,0.765652338,0.832664902,79.325,75.472,12.73898983,12.92535973,12.56019974,10.10244855,9.216767596,11.78796207,24217.84361,16424.44381,32263.4523,0.92,0.318,87.43649197,89.74012143,7.5,92.5,49.06,73.25,8.485424318,28.9268
2711,ISR,Israel,1994,0.803,77.689,5.346292,0.775079687,0.838823826,79.628,75.643,12.90746498,13.26846313,12.86400477,10.1688884,9.298479486,11.83731851,25330.34783,17573.57845,33338.9633,0.924,0.307,88.29872459,90.09412585,7.5,92.5,50.69,73.29,8.879911535,21.4906
2712,ISR,Israel,1995,0.807,77.635,5.4787345,0.781861259,0.837174883,79.556,75.603,13.07594013,13.61156654,12.54031372,10.23532825,9.380191375,11.88667494,26227.60201,18462.02146,34244.62027,0.934,0.299,89.16095721,90.44813027,7.5,92.5,51.64,73.14,9.101646475,22.8627
2713,ISR,Israel,1996,0.814,78.279,5.6124945,0.791348269,0.841216161,80.228,76.208,13.21335983,13.95466995,12.47204971,10.30715511,9.461903264,11.94837049,26959.6047,19140.14724,35029.01662,0.941,0.287,90.00538562,90.96143669,7.5,92.5,51.43,71.95,9.253604547,23.0904
2714,ISR,Israel,1997,0.82,78.272,5.743283,0.797067742,0.848286775,80.315,76.108,13.7025067,14.29777336,13.10724004,10.37898197,9.543615154,12.01006603,27178.35661,19426.05438,35174.11242,0.94,0.27,90.84981402,91.4747431,7.5,92.5,51.38,71.18,9.553020459,22.6934
2715,ISR,Israel,1998,0.828,78.44,5.869504,0.804134681,0.859998276,80.511,76.246,14.19165357,14.64087677,14.0792249,10.45080884,9.625327043,12.07176158,27655.1053,20063.59893,35480.30349,0.935,0.256,91.69424243,91.98804952,7.5,92.5,51.33,70.12,9.542509895,22.6997
2716,ISR,Israel,1999,0.835,78.697,5.994088,0.810114311,0.864865544,80.651,76.61,14.68080044,14.98398018,14.38302994,10.5226357,9.707038932,12.13345712,27584.75631,20397.87661,34987.18168,0.937,0.207,92.53867084,92.42808603,11.66666667,88.33333333,52.48,69.58,9.135001021,24.5099
2717,ISR,Israel,2000,0.835,78.928,6.116958,0.812178445,0.863339275,80.965,76.759,14.3139801,14.70619011,13.93686008,10.59446257,9.788750822,12.19515267,28625.12631,21404.88823,36056.06057,0.941,0.193,93.38309924,93.01466235,12.5,87.5,53.49,69.71,9.730228653,25.3419
2718,ISR,Israel,2001,0.838,79.345,6.237982,0.815797747,0.86607758,81.462,77.093,14.37794971,14.74967957,14.02027988,10.63935436,9.832108151,12.22805696,28658.76363,21551.34214,35968.56768,0.942,0.186,93.84346533,93.43188185,13.33333333,86.66666667,53.74,69.39,10.10320325,24.186
2719,ISR,Israel,2002,0.843,79.259,6.3566925,0.820136669,0.870604242,81.284,77.1,14.89109039,15.26111984,14.52486038,10.68424615,9.87546548,12.26096125,28204.20679,21313.76415,35285.76875,0.942,0.179,94.30383142,93.84910135,14.16666667,85.83333333,53.3,68.26,9.328970268,25.7146
2720,ISR,Israel,2003,0.843,79.624,6.4759135,0.820920194,0.871643665,81.648,77.464,14.77112961,15.07734013,14.46839046,10.72913794,9.918822809,12.29386554,28102.37933,21493.28547,34889.29644,0.942,0.174,94.76419751,94.26632084,15.0,85.0,54.18,67.97,9.637976915,24.1739
2721,ISR,Israel,2004,0.847,80.147,6.5959865,0.825118909,0.874962939,82.116,78.034,14.66952038,15.03958988,14.30947971,10.77402973,9.962180138,12.32676983,29138.63193,22306.86205,36148.3894,0.943,0.171,95.2245636,94.68354034,15.0,85.0,54.67,68.45,8.896198385,23.1317
2722,ISR,Israel,2005,0.856,80.217,6.714124,0.837980555,0.874428353,82.088,78.208,14.64525986,15.02670956,14.27493954,11.27696466,10.84851027,12.07910013,30414.99976,23384.45977,37622.11823,0.958,0.168,85.23489761,85.06904602,15.0,85.0,55.28,68.68,8.418685744,22.715
2723,ISR,Israel,2006,0.864,80.506,6.832077,0.850521962,0.874930523,82.341,78.536,14.57705021,14.89892006,14.27027035,11.7798996,11.73484039,11.83143044,31691.73879,24365.46214,39194.83506,0.972,0.169,75.24523163,75.4545517,14.16666667,85.83333333,55.66,69.15,9.096648062,23.953
2724,ISR,Israel,2007,0.876,80.665,6.952003,0.862616778,0.885835034,82.475,78.723,14.7148304,15.12030029,14.32594013,12.38459969,12.34113979,12.43235016,33095.90792,25451.70242,40917.94622,0.974,0.17,82.9994278,85.82611847,14.16666667,85.83333333,56.16,69.74,9.033353409,23.4909
2725,ISR,Israel,2008,0.877,81.055,7.074522,0.863616886,0.886309708,82.882,79.098,14.56844997,14.98066044,14.17481041,12.42374992,12.38947487,12.46133995,32996.84955,25373.49711,40791.88177,0.974,0.17,83.24678421,86.03527069,14.16666667,85.83333333,56.2,69.77,9.609158046,23.2958
2726,ISR,Israel,2009,0.881,81.576,7.1997025,0.864751113,0.893096197,83.342,79.677,14.84815025,15.26613045,14.44793987,12.46290016,12.43780994,12.49032974,32347.92328,23354.05618,41538.3569,0.968,0.149,83.49414063,86.24442291,18.33333333,81.66666667,57.13,68.91,8.869935329,20.0369
2727,ISR,Israel,2010,0.887,81.744,7.328445,0.870124777,0.89819914,83.564,79.795,15.04463959,15.47871971,14.62720966,12.4951601,12.45526981,12.5383997,33742.13841,24297.64633,43382.53035,0.969,0.145,83.52057648,86.81799316,19.16666667,80.83333333,57.47,69.34,9.318061335,21.6908
2728,ISR,Israel,2011,0.89,81.727,7.459749,0.873135251,0.901751148,83.467,79.868,15.04598045,15.48731995,14.62300968,12.5978899,12.55253029,12.64770031,35145.76154,25371.31615,45107.32434,0.968,0.138,84.34474182,87.23549652,20.0,80.0,57.13,69.24,9.195309386,23.3045
2729,ISR,Israel,2012,0.891,81.735,7.592106,0.875274763,0.90194386,83.489,79.866,15.0644598,15.53310966,14.6153698,12.68892002,12.65892982,12.72122002,34972.3244,25557.42464,44552.43238,0.97,0.132,84.83927155,87.57515717,20.0,80.0,59.37,71.52,9.850336652,23.466
2730,ISR,Israel,2013,0.896,82.115,7.726676,0.881313129,0.906601822,83.84,80.278,15.10923004,15.56604004,14.67006016,12.80438042,12.78441048,12.82586002,36025.22867,26860.6622,45335.97309,0.972,0.118,87.08203125,89.87461853,22.5,77.5,59.23,71.38,8.165904718,23.847
2731,ISR,Israel,2014,0.899,82.224,7.8638465,0.884945481,0.909626444,84.026,80.31,15.09504986,15.53283024,14.67475986,12.91596985,12.91329002,12.91884995,37237.06306,27685.00211,46926.49761,0.973,0.115,87.39115906,90.37660217,22.5,77.5,60.18,71.39,7.665752864,24.4328
2732,ISR,Israel,2015,0.899,82.1,8.007778,0.886164993,0.907860384,84.04,80.057,15.04730034,15.50512028,14.60723019,12.9602499,12.96249962,12.95781994,37315.03621,28139.94764,46608.58751,0.976,0.105,87.88558197,90.57187653,26.66666667,73.33333333,60.15,71.28,7.859745862,27.623
2733,ISR,Israel,2016,0.902,82.485,8.159009,0.887344779,0.911828281,84.187,80.682,14.90981007,15.42251968,14.41672039,13.05535211,13.06643115,13.04339986,38223.47649,28179.72727,48381.67025,0.973,0.102,88.78858584,91.34546201,26.66666667,73.33333333,60.45,71.13,7.496094195,26.1576
2734,ISR,Israel,2017,0.906,82.719,8.309257,0.898286568,0.910771032,84.588,80.749,14.92461014,15.43282986,14.43556976,13.15115217,13.17119599,13.12954499,39251.09511,32679.61134,45888.07871,0.986,0.095,89.70086786,92.12565477,27.5,72.5,60.32,70.96,7.081451446,31.8145
2735,ISR,Israel,2018,0.908,82.823,8.456483,0.896572244,0.915459472,84.708,80.84,14.85824013,15.36837006,14.36695957,13.24765522,13.27680081,13.21625907,40242.67295,30911.74278,49655.6429,0.979,0.089,90.62252336,92.91251126,27.5,72.5,60.89,70.24,7.093468999,33.1256
2736,ISR,Israel,2019,0.909,82.812,8.6079195,0.90325529,0.91294202,84.662,80.873,14.78419018,15.3523798,14.23538017,13.3448664,13.38325237,13.30354585,40919.60771,34597.34912,47290.17188,0.989,0.098,91.55364866,93.70608839,23.33333333,76.66666667,60.65,69.59,6.814562265,29.3893
2737,ISR,Israel,2020,0.906,82.36,8.7574895,0.901975308,0.909249311,84.47,80.185,14.8323698,15.37782955,14.30548,13.44279092,13.49055743,13.39140912,39324.16286,33396.99555,45290.69589,0.992,0.085,92.49434106,94.50644355,27.5,72.5,59.44,67.6,6.359985151,28.0577
2738,ISR,Israel,2021,0.911,82.255,8.900059,0.900691034,0.917481723,84.295,80.153,15.02984047,15.58275986,14.49588013,13.44279092,13.49055743,13.39140912,41754.25954,31901.00697,51664.70432,0.982,0.083,92.49434106,94.50644355,28.33333333,71.66666667,59.73,67.11,6.162801842,29.98
2739,ISR,Israel,2022,0.915,82.601,9.038309,0.909960997,0.917964595,84.508,80.625,15.02984047,15.58275986,14.49588013,13.44279092,13.49055743,13.39140912,43588.25725,37414.65081,49792.14767,0.991,0.092,92.49434106,94.50644355,23.33333333,76.66666667,61.15,68.54,6.162801842,30.2337
2839,JOR,Jordan,1990,0.622,69.854,3.480587,,,71.287,68.46,11.38271999,11.35517979,11.4085598,5.005190277,3.975679896,5.946856925,7329.316799,,,,,28.39913899,39.64258075,1.666666667,98.33333333,,,3.009952057,11.5752
2840,JOR,Jordan,1991,0.629,70.093,3.666379,,,71.568,68.679,11.68529034,11.63807011,11.72986031,5.283574193,4.33390522,6.151673145,7165.494217,,,,,31.31212787,41.37327423,1.666666667,98.33333333,,,2.701275564,14.2585
2841,JOR,Jordan,1992,0.643,70.316,3.8668875,,,71.817,68.899,11.97716999,12.11065006,11.85309029,5.56195811,4.692130544,6.356489366,7987.826065,,,,,34.22511675,43.10396771,1.666666667,98.33333333,,,3.099185469,20.7064
2842,JOR,Jordan,1993,0.648,70.518,4.075759,,,72.045,69.098,12.00277042,12.19904995,11.82118034,5.840342026,5.050355868,6.561305586,8027.151124,,,,,37.13810562,44.83466119,1.666666667,98.33333333,,,2.888860701,19.9047
2843,JOR,Jordan,1994,0.652,70.699,4.278166,,,72.251,69.274,11.92829037,12.10723019,11.76202965,6.118725942,5.408581192,6.766121806,8059.733787,,,,,40.0510945,46.56535467,1.666666667,98.33333333,,,3.097028026,16.3179
2844,JOR,Jordan,1995,0.658,70.87,4.458195,,,72.437,69.446,11.98447037,12.11915493,11.85821486,6.397109859,5.766806516,6.970938027,8296.402983,,,,,42.96408338,48.29604815,1.666666667,98.33333333,,,2.962656411,11.6519
2845,JOR,Jordan,1996,0.662,71.064,4.6086755,,,72.671,69.613,12.04065037,12.13107967,11.95440006,6.589690513,5.992509177,7.139821577,8209.607765,,,,,44.4235809,49.94675875,1.666666667,98.33333333,,,2.999863735,13.2507
2846,JOR,Jordan,1997,0.667,71.272,4.733665,,,72.946,69.766,12.08108521,12.18819475,11.97913003,6.782271168,6.218211838,7.308705127,8372.43336,,,,,45.88307842,51.59746934,1.666666667,98.33333333,,,2.973193076,10.9547
2847,JOR,Jordan,1998,0.671,71.474,4.844403,,,73.203,69.919,12.12152004,12.24530983,12.00386,6.974851822,6.443914498,7.477588677,8497.18537,,,,,47.34257594,53.24817994,2.5,97.5,,,2.94217884,12.7457
2848,JOR,Jordan,1999,0.676,71.694,4.9507745,,,73.453,70.109,12.16195488,12.30242491,12.02858996,7.167432477,6.669617159,7.646472227,8592.309756,,,,,48.80207346,54.89889053,2.5,97.5,,,2.881710439,15.4924
2849,JOR,Jordan,2000,0.681,71.918,5.056174,0.59138031,0.715999564,73.696,70.313,12.20238972,12.35953999,12.05331993,7.360013131,6.89531982,7.815355777,8887.857615,2075.78183,15196.34531,0.826,0.614,50.26157098,56.54960113,2.5,97.5,12.3,66.1,3.006265212,14.9339
2850,JOR,Jordan,2001,0.687,72.147,5.16331,0.594759638,0.721611377,73.939,70.528,12.25586462,12.35362482,12.16307497,7.506832046,7.092033148,7.921357155,9217.719513,2083.779591,15851.19089,0.824,0.601,51.94730063,57.6744668,3.333333333,96.66666667,11.7,65.5,3.023157626,12.0806
2851,JOR,Jordan,2002,0.691,72.359,5.2755315,0.603687403,0.725983072,74.166,70.724,12.30933952,12.34770966,12.27283001,7.653650961,7.288746476,8.027358532,9449.941899,2280.859661,16139.71499,0.832,0.591,53.63303027,58.79933248,3.333333333,96.66666667,12.3,64.2,3.112558127,14.1379
2852,JOR,Jordan,2003,0.697,72.573,5.3961165,0.606003314,0.730550479,74.393,70.928,12.44591999,12.56188011,12.33456993,7.800469875,7.485459805,8.133359909,9669.724447,2183.715044,16675.32038,0.83,0.552,55.31875992,59.92419815,7.878787879,92.12121212,11.2,63.2,3.147114861,16.6562
2853,JOR,Jordan,2004,0.707,72.772,5.532423,0.616290073,0.741146036,74.604,71.117,12.55381012,12.66201019,12.44956017,8.145095825,7.77303791,8.533584023,10352.06707,2368.373086,17837.51223,0.832,0.551,58.04223022,63.48830261,7.878787879,92.12121212,11.45,63.8,3.374778104,18.3374
2854,JOR,Jordan,2005,0.713,72.932,5.6785345,0.623013893,0.748308918,74.781,71.264,12.41283989,12.49903965,12.33001041,8.489721775,8.060616016,8.933808136,10935.93222,2532.198683,18825.33682,0.833,0.551,60.76570053,67.05240707,7.272727273,92.72727273,11.7,64.4,3.598957055,16.2942
2855,JOR,Jordan,2006,0.719,73.145,6.0755485,0.630989641,0.753329135,74.993,71.48,12.38002968,12.58932018,12.17943954,8.834347725,8.348194122,9.334032249,11084.74263,2656.056941,19008.57151,0.838,0.54,63.48917084,70.61651154,7.878787879,92.12121212,11.9,63.1,3.378526513,12.1832
2856,JOR,Jordan,2007,0.716,73.373,6.4734565,0.638879201,0.750000816,75.29,71.654,11.4909296,11.67720032,11.31254005,9.178973675,8.635772228,9.734256363,11361.68263,3219.83587,19025.81971,0.852,0.515,66.21264114,74.180616,8.484848485,91.51515152,14.7,64.4,3.311445492,11.4825
2857,JOR,Jordan,2008,0.726,73.591,6.6328725,0.646516037,0.760812144,75.578,71.818,11.74540043,11.9177599,11.58047962,9.523599625,8.923350334,10.13448048,11794.46595,3264.748042,19833.58037,0.85,0.516,68.93611145,77.74472046,8.484848485,91.51515152,14.2,64.0,3.123533347,10.5357
2858,JOR,Jordan,2009,0.728,73.801,6.7804925,0.650513897,0.761887444,75.86,71.972,11.65133524,11.82086992,11.48881483,9.56456995,8.952054977,10.16546535,12083.23619,3453.048644,20226.70034,0.854,0.512,69.19419098,78.10657501,8.484848485,91.51515152,14.9,64.8,3.146777085,10.8677
2859,JOR,Jordan,2010,0.727,74.0,6.9312585,0.653439378,0.760435302,76.128,72.117,11.55727005,11.72397995,11.39715004,9.605540276,8.980759621,10.19645023,11817.51988,3593.873435,19586.18013,0.859,0.487,69.45227051,78.46842957,12.22222222,87.77777778,14.7,63.5,2.97425085,12.6693
2860,JOR,Jordan,2011,0.73,74.189,7.1099795,0.657998572,0.762156654,76.378,72.26,11.56589031,11.78460979,11.35643005,9.759554454,9.178015436,10.31610734,11823.29508,3633.804699,19568.11277,0.863,0.485,69.17204939,77.39986965,11.11111111,88.88888889,14.7,62.8,2.987884635,11.7244
2861,JOR,Jordan,2012,0.736,74.366,7.211863,0.663972765,0.768494291,76.605,72.399,11.91063976,12.12444019,11.70580006,9.913568633,9.375271252,10.43576445,11899.59814,3606.991544,19750.01144,0.864,0.488,68.89182826,76.33130973,11.11111111,88.88888889,14.1,61.3,3.302142595,9.5896
2862,JOR,Jordan,2013,0.738,74.562,7.694814,0.662465532,0.770127678,76.839,72.565,11.99786529,12.21727128,11.78769936,10.06758281,9.572527068,10.55542156,11472.07719,3299.87226,19144.02314,0.86,0.485,68.61160714,75.26274981,12.10762332,87.89237668,13.2,60.4,3.095357471,10.5946
2863,JOR,Jordan,2014,0.737,74.789,8.658026,0.657970866,0.769379951,77.061,72.796,12.08572961,12.31081313,11.87017167,10.22159699,9.769782884,10.67507866,10525.04491,2893.242327,17584.60551,0.855,0.487,68.33138602,74.19418989,12.0,88.0,12.6,59.7,2.991305408,6.931
2864,JOR,Jordan,2015,0.738,75.011,9.4942465,0.662210544,0.76874606,77.268,73.03,12.17423738,12.40507119,11.953221,10.37561117,9.9670387,10.79473577,9838.658701,2910.889629,16212.77667,0.861,0.476,68.0511649,73.12562997,11.55555556,88.44444444,14.04,60.7,2.691093111,8.8521
2865,JOR,Jordan,2016,0.74,75.215,9.9646555,0.675675697,0.769116836,77.485,73.222,12.26339332,12.50005094,12.03685137,10.52962535,10.16429452,10.91439288,9595.578453,3374.580798,15328.27683,0.879,0.441,67.77094378,72.05707005,15.38461538,84.61538462,15.47,61.71,2.47859033,9.3373
2866,JOR,Jordan,2017,0.744,75.502,10.2153815,0.687426333,0.771183843,77.831,73.46,12.35320218,12.5957579,12.12106687,10.68363953,10.36155033,11.03404999,9581.241038,3784.796583,14930.90998,0.891,0.429,67.49072266,70.98851013,15.38461538,84.61538462,16.91,62.71,2.52692484,8.6946
2867,JOR,Jordan,2018,0.742,75.774,10.4598655,0.680486705,0.769646946,78.172,73.677,12.44366874,12.69219764,12.20587157,10.3508997,10.01119995,10.69655037,9541.198859,3477.815031,15145.8002,0.884,0.442,77.87029266,84.07688141,15.38461538,84.61538462,14.6,61.27,2.40366391,8.7493
2868,JOR,Jordan,2019,0.744,76.044,10.6986835,0.677722783,0.773359124,78.506,73.894,12.53479782,12.78937578,12.29126961,10.39878988,10.04138994,10.76692533,9556.638624,3201.788521,15439.6161,0.876,0.45,77.62449646,84.14422607,15.38461538,84.61538462,13.39,61.19,2.311368605,7.7441
2869,JOR,Jordan,2020,0.74,75.184,10.928721,0.679510507,0.767920458,77.772,72.987,12.62659427,12.88729797,12.37726514,10.44668007,10.07157993,10.8373003,9182.779177,3382.423083,14560.87383,0.885,0.456,77.37870026,84.21157074,11.28205128,88.71794872,14.69,61.6,1.933327788,7.0829
2870,JOR,Jordan,2021,0.736,74.256,11.1482775,0.674014209,0.764180882,76.773,72.128,12.62659427,12.88729797,12.37726514,10.44668007,10.07157993,10.8373003,9179.676654,3310.473722,14630.50037,0.882,0.458,77.37870026,84.21157074,11.79487179,88.20512821,13.81,60.71,2.033264689,7.3798
2871,JOR,Jordan,2022,0.736,74.215,11.2858685,0.661558113,0.766688653,76.675,72.12,12.62659427,12.88729797,12.37726514,10.44668007,10.07157993,10.8373003,9294.801499,2752.787924,15380.3539,0.863,0.449,77.37870026,84.21157074,13.33333333,86.66666667,13.81,60.71,2.033264689,7.5563
3037,KWT,Kuwait,1990,0.698,73.281,1.6749375,,,76.799,70.793,8.914629936,9.028400421,8.803890228,5.641944529,5.420724701,5.796702449,54641.72695,,,,,41.94542949,45.11243978,0.01,99.99,,,22.57217879,47.7265
3038,KWT,Kuwait,1991,0.687,74.216,1.3395,,,77.547,71.822,8.509994984,8.737645149,8.291675091,5.678806599,5.43488331,5.850625263,42617.60836,,,,,42.06874261,45.73379043,0.01,99.99,,,11.13579694,104.7248
3039,KWT,Kuwait,1992,0.697,75.691,1.620633,,,77.866,74.083,8.105360031,8.446889877,7.779459953,5.715668668,5.449041919,5.904548076,54511.7619,,,,,42.19205572,46.35514109,0.01,99.99,,,18.29433314,36.9737
3040,KWT,Kuwait,1993,0.703,75.794,1.6536445,,,77.945,74.22,7.967619896,8.252099991,7.696350098,5.752530738,5.463200529,5.95847089,64998.8981,,,,,42.31536883,46.97649174,0.01,99.99,,,29.70976237,44.1221
3041,KWT,Kuwait,1994,0.732,75.763,1.641106,,,77.979,74.18,9.732179642,9.95734024,9.5167799,5.789392807,5.477359138,6.012393703,68814.29026,,,,,42.43868194,47.5978424,0.01,99.99,,,34.85247144,40.9046
3042,KWT,Kuwait,1995,0.762,75.537,1.6552215,0.730262654,0.765185258,77.84,73.909,11.67164993,12.04300022,11.30562019,5.826254877,5.491517747,6.066316517,73630.7009,34743.21917,102303.7982,0.954,0.72,42.56199506,48.21919305,0.01,99.99,43.51,83.64,33.90946955,42.6653
3043,KWT,Kuwait,1996,0.768,75.618,1.7033175,0.734594455,0.771496784,77.882,74.014,12.07579041,12.49763012,11.68414974,5.904074801,5.622990548,6.107795604,72486.5308,31780.16568,102121.8098,0.952,0.721,43.36258173,48.31448006,0.01,99.99,32.41,68.52,30.30960748,46.2214
3044,KWT,Kuwait,1997,0.766,75.879,1.7614685,0.737691876,0.765773876,78.363,74.163,11.66936016,12.27282047,11.16549015,5.981894726,5.754463348,6.149274691,74455.68487,33182.14983,104278.958,0.963,0.71,44.16316839,48.40976706,0.01,99.99,33.2,69.02,32.14415476,39.5424
3045,KWT,Kuwait,1998,0.772,76.157,1.8195445,0.746943785,0.770359066,78.551,74.503,11.90672493,12.62299013,11.33822012,6.05971465,5.885936149,6.190753779,75912.36778,34743.64509,105450.2293,0.97,0.7,44.96375506,48.50505406,0.01,99.99,35.47,71.1,29.02474466,47.4868
3046,KWT,Kuwait,1999,0.774,76.416,1.877427,0.750996154,0.774881158,78.698,74.833,12.1440897,12.97315979,11.51095009,6.137534575,6.01740895,6.232232866,68924.13258,32427.52345,94934.22332,0.969,0.694,45.76434173,48.60034106,0.01,99.99,37.74,73.19,29.28369518,45.6503
3047,KWT,Kuwait,2000,0.78,76.722,1.9349015,0.757743318,0.778480783,78.881,75.213,12.26894999,13.1266551,11.60026503,6.215354499,6.14888175,6.273711953,70491.08881,34025.47926,96310.70933,0.973,0.689,46.5649284,48.69562806,0.01,99.99,40.01,75.27,28.36816974,37.7822
3048,KWT,Kuwait,2001,0.779,76.891,1.991674,0.75952614,0.778927527,78.94,75.448,12.39381027,13.28015041,11.68957996,6.194875572,6.22776543,6.161985713,66464.81335,32854.5557,90112.26607,0.975,0.685,46.5345744,47.4032981,0.01,99.99,42.28,77.35,29.64877786,43.4471
3049,KWT,Kuwait,2002,0.785,76.982,2.047364,0.766758569,0.785495663,78.973,75.574,12.92938519,13.85737514,12.17410517,6.174396644,6.306649111,6.128535148,63524.52338,32100.60862,85495.73797,0.976,0.682,46.50422041,45.62333393,0.01,99.99,44.55,79.44,29.29894245,52.7403
3050,KWT,Kuwait,2003,0.796,76.985,2.101506,0.788924483,0.790438774,79.11,75.497,13.4649601,14.43459988,12.65863037,6.153917717,6.385532791,6.055946745,71439.33871,43733.64585,90690.08185,0.998,0.68,46.47386641,44.81863819,0.01,99.99,46.82,81.52,29.66263242,50.8636
3051,KWT,Kuwait,2004,0.8,76.792,2.1534805,0.786514764,0.792225916,79.087,75.205,13.71343994,14.56437969,12.98270988,6.133438789,6.464416471,5.983358342,79223.75136,39033.13751,106974.1132,0.993,0.68,46.44351241,43.52630823,0.01,99.99,46.32,82.94,30.47656329,59.7883
3052,KWT,Kuwait,2005,0.8,76.903,2.2354025,0.791367103,0.791202626,79.187,75.306,13.71689692,14.59220772,12.95669394,6.112959862,6.543300152,5.910769939,84910.56842,41749.91888,114844.537,1.0,0.364,46.41315842,42.23397827,1.538461538,98.46153846,45.81,84.36,33.29439926,61.873
3053,KWT,Kuwait,2006,0.8,76.887,2.363409,0.793324927,0.79003286,79.282,75.215,13.72035389,14.62003574,12.93067799,6.135809898,6.687940121,5.884679794,87907.40121,40953.99893,121076.3763,1.004,0.347,48.9308815,42.92741013,1.538461538,98.46153846,55.5,89.3,32.17691056,60.8064
3054,KWT,Kuwait,2007,0.802,77.017,2.506769,0.79447353,0.79229013,79.302,75.396,13.72381086,14.64786377,12.90466204,6.217239857,6.684350014,5.997039795,86171.94906,41688.31076,118245.7292,1.003,0.344,49.49528885,44.75666046,1.538461538,98.46153846,56.8,88.3,30.77998013,56.7222
3055,KWT,Kuwait,2008,0.806,77.145,2.6509305,0.795618979,0.794937663,79.36,75.553,13.72726784,14.6756918,12.87864609,6.426829815,7.02670002,6.141449928,80851.05972,37912.23447,112379.0675,1.001,0.287,53.71112061,46.5866394,3.076923077,96.92307692,56.38,87.86,31.79303112,69.0336
3056,KWT,Kuwait,2009,0.808,77.442,2.79555,0.79327273,0.80020302,79.589,75.87,13.73072481,14.70351982,12.85263014,6.637987375,7.118764997,6.407177448,70744.83853,33933.83589,98212.04255,0.991,0.22,54.18779278,49.00545692,7.692307692,92.30769231,55.95,87.41,31.73493588,50.7867
3057,KWT,Kuwait,2010,0.811,77.982,2.9433565,0.802250744,0.806409441,80.105,76.399,13.73418179,14.73134785,12.82661419,6.849144936,7.210829973,6.672904968,66599.17177,37909.01522,88304.884,0.995,0.209,54.66446495,51.42427444,7.692307692,92.30769231,59.47,87.24,30.87288796,44.7642
3058,KWT,Kuwait,2011,0.817,78.464,3.1438245,0.81231396,0.812169084,80.617,76.836,13.73763876,14.75917587,12.80059824,7.060302496,7.30289495,6.938632488,67372.20057,43433.09252,85511.55198,1.0,0.2,55.14113712,53.84309196,7.692307692,92.30769231,58.95,87.23,27.96488354,48.129
3059,KWT,Kuwait,2012,0.821,78.812,3.394663,0.814918786,0.817341274,81.072,77.15,13.74109573,14.7870039,12.77458229,7.271460056,7.394959927,7.204360008,66283.74874,42378.1877,84247.10713,0.997,0.211,55.6178093,56.26190948,6.153846154,93.84615385,58.42,87.21,29.97826294,44.7267
3060,KWT,Kuwait,2013,0.813,79.164,3.646518,0.813826905,0.805178221,81.542,77.463,13.74455271,14.81483192,12.74856634,6.68321991,7.280399799,6.351880074,63895.33145,40537.03085,81315.87476,1.011,0.196,55.7637291,48.09334183,6.153846154,93.84615385,57.9,87.2,22.95979342,46.3356
3061,KWT,Kuwait,2014,0.816,79.445,3.7615835,0.81643513,0.809656737,81.772,77.806,13.74800968,14.84265995,12.72255039,6.877979994,7.453999996,6.560230017,62999.7144,39514.02895,80120.81241,1.008,0.3,57.1192646,51.26935577,1.538461538,98.46153846,57.37,87.18,20.10416357,51.8183
3062,KWT,Kuwait,2015,0.829,79.562,3.908743,0.829458503,0.820996848,82.004,77.916,14.66771984,16.19162941,13.31097031,7.072740078,7.627600193,6.76857996,60058.00621,35134.40505,76783.38909,1.01,0.298,58.47480011,54.44536972,1.538461538,98.46153846,56.85,87.17,23.96182097,51.4437
3063,KWT,Kuwait,2016,0.832,79.701,4.048085,0.830976809,0.823933356,82.203,78.175,14.86691962,16.51034362,13.41243248,7.132780075,7.759600163,6.799304962,59516.53996,31920.29632,77279.88692,1.009,0.285,59.00045586,54.36845398,2.0,98.0,49.89,87.85,26.95751201,54.3014
3064,KWT,Kuwait,2017,0.835,79.781,4.1249045,0.834266905,0.825995368,82.303,78.24,15.06882469,16.83533137,13.51466804,7.192820072,7.891600132,6.830029964,57787.43078,30423.20925,75429.93606,1.01,0.252,59.5261116,54.29153824,3.076923077,96.92307692,48.22,88.02,25.04623138,55.2015
3065,KWT,Kuwait,2018,0.836,79.722,4.3171855,0.835567817,0.826495761,82.281,78.232,15.2734718,17.16671614,13.61768289,7.216040134,7.976140022,6.834859848,56197.66491,28533.61561,73502.74403,1.011,0.251,60.0143013,53.88539124,3.076923077,96.92307692,46.3,88.23,24.44831528,54.3447
3066,KWT,Kuwait,2019,0.838,79.685,4.4410995,0.838530604,0.828324858,82.266,78.249,15.48089819,17.50462386,13.72148297,7.328022618,8.123162299,6.93646169,54606.28912,27248.64278,71619.79007,1.012,0.225,60.90419675,55.1536148,4.615384615,95.38461538,45.45,88.33,24.51948842,56.5002
3067,KWT,Kuwait,2020,0.826,76.92,4.3604445,0.828857022,0.814742784,80.023,75.35,15.6911416,17.84918291,13.82607425,7.441742908,8.272894602,7.039573868,50504.71761,24981.57836,66647.52078,1.017,0.203,61.80728762,56.45168673,6.349206349,93.65079365,44.78,88.4,22.40881892,38.6894
3068,KWT,Kuwait,2021,0.836,78.673,4.250114,0.837636885,0.825238031,81.463,77.192,15.6911416,17.84918291,13.82607425,7.441742908,8.272894602,7.039573868,52672.16933,25952.93086,69786.66328,1.015,0.308,61.80728762,56.45168673,1.538461538,98.46153846,44.41,88.45,24.30127757,41.3522
3069,KWT,Kuwait,2022,0.847,80.264,4.268873,0.847552134,0.835979298,82.752,78.878,15.6911416,17.84918291,13.82607425,7.441742908,8.272894602,7.039573868,56729.18152,28017.72588,75231.9156,1.014,0.199,61.80728762,56.45168673,6.25,93.75,44.41,88.45,24.30127757,43.9514
3169,LBN,Lebanon,1990,,64.475,3.5936995,,,71.713,58.044,8.497730443,8.55957841,8.439884487,,,,7130.315281,,,,,,,2.34375,97.65625,,,2.189442636,39.5508
3170,LBN,Lebanon,1991,,71.176,3.666734,,,72.497,69.744,8.569829349,8.653103335,8.491196252,,,,8711.886935,,,,,,,2.34375,97.65625,,,2.213195721,30.0508
3171,LBN,Lebanon,1992,,71.192,3.7454065,,,72.506,69.767,8.642539978,8.747650146,8.542819977,,,,10125.98103,,,,,,,2.34375,97.65625,,,2.597020831,27.7247
3172,LBN,Lebanon,1993,,71.382,3.8187965,,,72.856,69.796,8.715867519,8.843230009,8.594757557,,,,10834.89827,,,,,,,2.34375,97.65625,,,2.711561445,39.9602
3173,LBN,Lebanon,1994,,71.681,3.888144,,,73.111,70.134,8.789195061,8.938809872,8.646695137,,,,11643.75362,,,,,,,2.34375,97.65625,,,2.857610212,36.5392
3174,LBN,Lebanon,1995,,72.043,3.95964,,,73.204,70.762,8.862522602,9.034389734,8.698632717,,,,12262.86917,,,,,,,2.34375,97.65625,,,3.094902567,18.0273
3175,LBN,Lebanon,1996,,72.293,4.034243,,,73.571,70.891,8.935850143,9.129969597,8.750570297,,,,13242.08676,,,,,,,2.34375,97.65625,,,3.161138285,22.059
3176,LBN,Lebanon,1997,,72.778,4.1075505,,,74.304,71.124,9.909558732,10.34241548,9.607747706,,,,13038.93255,,,,,,,2.34375,97.65625,,,3.675839935,42.7817
3177,LBN,Lebanon,1998,,72.944,4.1787845,,,74.442,71.312,9.956774483,10.38336153,9.658160168,,,,13140.44628,,,,,,,2.34375,97.65625,,,3.897425663,18.9773
3178,LBN,Lebanon,1999,,73.49,4.25002,,,74.945,71.893,10.0042152,10.42446968,9.708837147,,,,12898.59407,,,,,,,2.34375,97.65625,,,3.865793573,22.7944
3179,LBN,Lebanon,2000,,73.931,4.320642,,,75.462,72.251,10.05188196,10.46574059,9.759780032,,,,12943.87905,,,,,,,2.34375,97.65625,,,3.579630064,21.2619
3180,LBN,Lebanon,2001,,74.365,4.3892,,,76.019,72.558,10.09977583,10.50717488,9.810990217,,,,12928.26323,,,,,,,2.34375,97.65625,,,3.73794769,17.1219
3181,LBN,Lebanon,2002,,75.064,4.446666,,,77.022,72.957,10.1478979,10.54877322,9.862469106,,,,12619.46618,,,,,,,2.34375,97.65625,,,3.653006545,22.7143
3182,LBN,Lebanon,2003,,75.593,4.5048075,,,77.352,73.657,10.19624926,10.59053625,9.914218107,,,,11182.51898,,,,,,,2.34375,97.65625,,,4.113161785,18.756
3183,LBN,Lebanon,2004,,75.976,4.5747975,,,77.852,73.919,10.244831,10.63246462,9.966238639,,,,13625.79118,5105.968354,22301.69231,,,,,2.34375,97.65625,20.37,68.88,3.761565814,16.7941
3184,LBN,Lebanon,2005,0.71,76.273,4.6430445,0.655667269,0.734375772,78.128,74.223,10.29364421,10.67455898,10.01853213,7.967203308,7.515369523,8.197117054,14222.71443,5383.242546,23219.37751,0.893,,,,4.6875,95.3125,20.62,68.23,3.586052598,18.3569
3185,LBN,Lebanon,2006,0.711,76.08,4.7198645,0.662917522,0.731821751,78.915,73.145,10.34269,10.71682,10.0711,8.014158251,7.663293885,8.265091493,14436.27302,5554.914395,23474.35724,0.906,,,,4.6875,95.3125,20.87,67.58,3.134073355,16.5978
3186,LBN,Lebanon,2007,0.724,77.08,4.809608,0.677113153,0.746015184,79.242,74.719,10.638462,11.099632,10.277696,8.061389923,7.814129829,8.333629608,15826.68335,6274.288816,25547.67162,0.908,0.412,53.15132141,55.5389595,4.6875,95.3125,21.12,66.93,2.85804997,15.0273
3187,LBN,Lebanon,2008,0.733,77.584,4.887613,0.684165565,0.755628077,79.439,75.489,10.934234,11.482444,10.484292,8.108899957,7.815063839,8.402736075,16740.08979,6514.67576,27142.64492,0.905,0.412,53.02782345,55.91195758,4.6875,95.3125,21.74,69.24,3.563661853,16.7763
3188,LBN,Lebanon,2009,0.741,77.889,4.9511345,0.69440298,0.763273248,79.701,75.826,11.230006,11.865256,10.690888,8.156689992,7.840964379,8.472415606,17848.17053,7097.871119,28779.28875,0.91,0.437,53.0178461,56.2874607,3.125,96.875,22.35,71.55,4.232888015,16.4926
3189,LBN,Lebanon,2010,0.749,78.156,4.9957995,0.706579962,0.770133669,79.916,76.136,11.525778,12.248068,10.897484,8.20476168,7.866850407,8.542672953,18970.02529,8051.00171,30065.56241,0.917,0.432,53.00657333,56.66548569,3.125,96.875,23.79,72.32,4.002682253,16.844
3190,LBN,Lebanon,2011,0.755,78.404,5.0450565,0.710769067,0.775467054,80.134,76.407,11.82155,12.63088,11.10408,8.253116679,7.892720451,8.613512907,19093.08957,7878.13737,30480.45588,0.917,0.443,52.99399232,57.04604948,3.125,96.875,22.87,71.99,4.016625385,15.9799
3191,LBN,Lebanon,2012,0.757,78.628,5.1783375,0.712323196,0.778361267,80.32,76.666,11.87787575,12.68088617,11.16234381,8.30175666,7.918573019,8.684940301,19100.59983,7866.828924,30497.18021,0.915,0.443,52.98009015,57.42916913,3.125,96.875,22.7,71.55,4.312581433,16.0204
3192,LBN,Lebanon,2013,0.756,78.765,5.6788515,0.710925017,0.778078972,80.479,76.782,11.93446988,12.73109032,11.22091334,8.350683302,7.944406599,8.756960005,18082.85798,7458.211026,28851.97785,0.914,0.444,52.96485379,57.8148618,3.125,96.875,22.81,71.74,3.902796534,15.3398
3193,LBN,Lebanon,2014,0.755,78.973,6.2743425,0.707983776,0.776835028,80.704,76.971,11.99106401,12.78129447,11.27948287,8.399609944,7.970240179,8.828979709,16648.64456,6849.258968,26572.73804,0.911,0.444,52.94961744,58.20055447,3.125,96.875,22.61,71.28,3.823827263,12.5514
3194,LBN,Lebanon,2015,0.756,79.229,6.3989395,0.710286562,0.778834269,80.951,77.234,12.04765813,12.83149862,11.33805239,8.448536586,7.996073759,8.900999413,16418.39303,6903.94747,26087.26742,0.912,0.442,52.93438108,58.58624714,3.125,96.875,23.17,71.36,4.021697344,10.8927
3195,LBN,Lebanon,2016,0.76,79.505,6.2586195,0.714229434,0.783215613,81.264,77.492,12.10425226,12.88170277,11.39662192,8.497463228,8.021907339,8.973019117,16929.97434,7132.220838,26968.95741,0.912,0.442,52.91914473,58.97193981,3.125,96.875,22.83,70.76,4.224813813,11.2903
3196,LBN,Lebanon,2017,0.765,79.654,6.1092515,0.718461116,0.787733167,81.475,77.599,12.16084639,12.93190692,11.45519145,8.54638987,8.047740919,9.045038821,17737.81215,7461.98754,28361.04665,0.912,0.444,52.90390837,59.35763248,3.125,96.875,22.4,70.17,4.554420083,12.2412
3197,LBN,Lebanon,2018,0.764,79.729,5.950839,0.716790648,0.788228554,81.455,77.784,12.12426167,12.88649129,11.40331909,8.565249605,8.047778166,9.082721044,17542.91948,7314.700649,28219.04291,0.909,0.412,53.51726891,59.93003012,4.6875,95.3125,21.95,70.19,4.396052389,12.5336
3198,LBN,Lebanon,2019,0.76,79.236,5.7819065,0.734705855,0.776566349,81.043,77.251,12.08767695,12.84107565,11.35144673,8.584109341,8.047815414,9.120403268,16724.40905,10609.70183,23172.99744,0.946,0.386,54.13062944,60.50242776,4.6875,95.3125,29.35,70.56,4.438224274,10.4583
3199,LBN,Lebanon,2020,0.742,77.804,5.6629235,0.706677649,0.762553252,79.895,75.637,12.05109224,12.79566002,11.29957437,8.602969077,8.047852662,9.158085491,13310.52871,6956.175708,20049.51026,0.927,0.388,54.74398998,61.07482541,4.6875,95.3125,29.18,70.36,3.934293297,10.529
3200,LBN,Lebanon,2021,0.725,75.047,5.592631,0.691559864,0.745514281,77.251,72.847,12.05109224,12.79566002,11.29957437,8.602969077,8.047852662,9.158085491,12145.93186,6456.894586,18182.26684,0.928,0.385,54.74398998,61.07482541,4.6875,95.3125,29.81,70.17,4.19696919,11.9609
3201,LBN,Lebanon,2022,0.723,74.416,5.4897395,0.689545665,0.743431443,76.597,72.237,12.05109224,12.79566002,11.29957437,8.602969077,8.047852662,9.158085491,12313.42257,6545.545361,18438.82237,0.928,0.365,54.74398998,61.07482541,6.25,93.75,29.81,70.17,4.19696919,9.1979
4324,OMN,Oman,1990,,69.782,1.8045235,,,72.326,67.819,7.651329994,7.259300232,7.994029999,,,,26467.86445,,,,,,,,,,,6.219036156,13.4547
4325,OMN,Oman,1991,,70.189,1.895187,,,72.989,68.135,8.033869743,7.815279961,8.274800301,,,,26737.46902,,,,,,,,,,,6.118024237,21.4316
4326,OMN,Oman,1992,,70.656,1.9852275,,,73.364,68.722,8.417209625,8.321709633,8.581469536,,,,27350.66734,,,,,,,,,,,5.990599564,22.3589
4327,OMN,Oman,1993,,71.165,2.071868,,,73.938,69.262,8.903459549,8.800089836,8.997469902,,,,28133.44627,,,,,,,,,,,6.383032124,26.8451
4328,OMN,Oman,1994,,71.385,2.1336755,,,74.258,69.5,9.119059563,9.04556942,9.192549706,,,,28778.406,,,,,,,,,,,8.147632606,23.4983
4329,OMN,Oman,1995,,71.99,2.172672,,,74.865,70.108,9.283040047,9.382800102,9.183279991,,,,30759.87312,,,,,,,,,,,8.622930659,19.2356
4330,OMN,Oman,1996,,72.191,2.209958,,,75.14,70.283,9.410770416,9.515839577,9.305701256,,,,31832.48689,,,,,,,,,,,8.193911378,28.7118
4331,OMN,Oman,1997,,72.415,2.245588,,,75.389,70.501,9.541600227,9.633390427,9.449810028,,,,34358.73346,,,,,,,,,,,8.039542427,23.6492
4332,OMN,Oman,1998,,72.97,2.2797265,,,76.083,70.981,9.735070229,9.722140312,9.749010086,,,,35144.99399,,,,,,,,,,,8.091012652,31.0604
4333,OMN,Oman,1999,,73.184,2.3126,,,76.288,71.202,10.10132618,10.04177418,10.15951405,,,,34552.07754,,,,,,,,,,,9.506702413,25.8556
4334,OMN,Oman,2000,0.702,73.466,2.3442535,0.63867974,0.732026918,76.533,71.497,10.46758213,10.36140804,10.57001801,5.425632031,4.431737675,6.075605833,36239.05971,11716.91272,54496.74651,0.872,,26.28705175,36.72608182,,,12.7,59.25,10.19096488,25.0087
4335,OMN,Oman,2001,0.714,73.808,2.3746535,0.639204498,0.746234288,76.707,71.913,10.83383808,10.68104191,10.98052197,5.694540001,4.690052671,6.335102584,37401.32524,9715.233857,58196.00728,0.857,,28.28457622,38.82226617,,,16.67,65.15,9.434852166,33.9583
4336,OMN,Oman,2002,0.722,73.869,2.4036585,0.652271941,0.754563979,76.769,71.963,11.20009403,11.00067577,11.39102592,5.976775726,4.963424208,6.605682766,36398.36463,10687.29199,55873.27153,0.864,,30.4338904,41.03809272,,,20.64,71.04,11.16701662,34.1298
4337,OMN,Oman,2003,0.732,74.14,2.4316,0.667468538,0.763160392,77.238,72.1,11.56634998,11.32030964,11.80152988,6.272999763,5.252729893,6.887819767,35532.40743,11852.91804,53605.77402,0.875,,32.74652863,43.38039017,,,24.61,76.94,14.12892746,45.5025
4338,OMN,Oman,2004,0.74,74.329,2.468855,0.675633602,0.769752437,77.401,72.267,11.74231005,11.6284399,11.85214996,6.616245842,5.596659946,7.208207893,35640.24301,11487.17352,54045.17927,0.878,0.368,35.64156494,46.1550705,7.80141844,92.19858156,24.66,77.39,11.75569242,33.3433
4339,OMN,Oman,2005,0.748,74.396,2.515192,0.684244957,0.77498358,77.517,72.315,11.91827011,11.93657017,11.90277004,6.95949192,5.94059,7.52859602,35381.62849,11343.42024,53518.68486,0.883,0.353,38.53660126,48.92975082,7.80141844,92.19858156,24.71,77.84,12.56234117,33.4451
4340,OMN,Oman,2006,0.757,74.48,2.5606495,0.693596975,0.783933987,77.59,72.407,12.10503006,12.1361599,12.07769966,7.302737999,6.284520054,7.848984146,36924.56256,11770.87428,55723.30322,0.885,0.345,41.43163757,51.70443115,7.80141844,92.19858156,24.77,78.28,15.68621861,46.5011
4341,OMN,Oman,2007,0.764,74.461,2.6057005,0.700710797,0.789200956,77.569,72.389,12.15857029,12.26527977,12.06221962,7.645984077,6.628450108,8.169372272,37811.85273,11988.25471,56935.25751,0.888,0.338,44.32667389,54.47911148,9.090909091,90.90909091,24.82,78.73,17.29608167,44.6807
4342,OMN,Oman,2008,0.77,74.612,2.6510285,0.707491426,0.789964557,77.736,72.525,12.12456989,12.70043993,11.54869986,7.989230156,6.972380161,8.489760399,38907.71674,11152.33948,59282.06823,0.896,0.342,47.22171021,57.25379181,9.090909091,90.90909091,24.87,79.18,17.79739784,51.744
4343,OMN,Oman,2009,0.784,74.681,2.697537,0.723012101,0.809209768,77.803,72.585,13.19449043,13.13560009,13.29479027,7.955485106,7.259555101,8.315645218,40284.53949,12721.64265,60349.52454,0.893,0.356,49.16802979,55.13893509,8.974358974,91.02564103,23.99,76.16,16.40477962,58.7935
4344,OMN,Oman,2010,0.798,76.269,2.8819145,0.739971185,0.821972634,78.498,74.639,14.08343029,14.20450497,14.0488801,7.921740055,7.546730042,8.141530037,38022.88364,12380.41921,55624.17854,0.9,0.34,51.11434937,53.02407837,8.974358974,91.02564103,23.11,73.14,17.74830894,44.4363
4345,OMN,Oman,2011,0.811,76.608,3.20687,0.753338745,0.831897783,78.672,75.106,14.97237015,15.27340984,14.80296993,8.276850128,8.151251984,8.389066124,35349.15082,11059.0703,50528.33037,0.906,0.329,55.57335968,54.70375214,9.580838323,90.41916168,22.24,70.13,17.76919551,38.476
4346,OMN,Oman,2012,0.813,77.061,3.5355785,0.758387735,0.828592592,78.9,75.707,14.58850527,15.18125486,14.23338985,8.631960201,8.755773926,8.508146477,34918.32772,10603.84148,48978.68702,0.915,0.328,60.03237,57.27838745,9.580838323,90.41916168,21.36,67.11,17.73783021,36.9976
4347,OMN,Oman,2013,0.814,77.246,3.81668,0.767127082,0.827209304,79.084,75.913,14.20464039,15.08909988,13.66380978,8.987070274,9.360295868,8.884138298,34742.82415,10944.78573,47873.92079,0.927,0.332,64.49138031,59.40554199,9.580838323,90.41916168,20.48,64.09,17.09637696,48.8329
4348,OMN,Oman,2014,0.818,77.446,4.0092675,0.770607909,0.82832661,79.313,76.097,14.18029499,15.09702015,13.56673002,9.342180347,9.96481781,9.131674385,33148.75979,10068.28188,45777.45695,0.93,0.323,68.95039063,61.53269653,9.580838323,90.41916168,23.57,72.0,16.43607173,45.5036
4349,OMN,Oman,2015,0.824,77.687,4.1917765,0.780965088,0.832914056,79.543,76.332,14.15594959,15.10494041,13.46965027,9.697290421,10.56933975,9.379210472,34167.92764,10510.00508,47044.29222,0.938,0.326,73.40940094,63.65985107,8.235294118,91.76470588,26.66,79.9,16.07342568,44.743
4350,OMN,Oman,2016,0.832,77.916,4.39807,0.794902665,0.840220287,79.799,76.544,14.1891098,15.13257027,13.58040047,10.12806625,10.90977383,9.829248428,34309.81837,12287.47537,46078.2822,0.946,0.315,76.24586705,68.65847996,8.823529412,91.17647059,29.75,87.81,14.94728369,42.6364
4351,OMN,Oman,2017,0.833,77.924,4.541854,0.796260256,0.842255331,79.839,76.525,14.03896999,14.92529011,13.43153954,10.55884209,11.2502079,10.27928638,32877.80269,12130.07248,43955.75661,0.945,0.292,79.08233316,73.65710885,8.823529412,91.17647059,35.99,85.51,15.24282815,39.0106
4352,OMN,Oman,2018,0.838,77.966,4.6011565,0.800156048,0.848232577,79.898,76.534,14.0753603,14.86847019,13.50936031,10.98961792,11.59064198,10.72932434,32259.16576,12207.0088,43257.73287,0.943,0.286,81.91879926,78.65573774,8.823529412,91.17647059,35.6,82.27,14.37364559,40.1485
4353,OMN,Oman,2019,0.841,78.002,4.602768,0.803183566,0.852421132,79.947,76.543,13.95668983,14.6441803,13.44143963,11.42039375,11.93107605,11.1793623,31512.60032,12450.04026,42449.87321,0.942,0.261,84.75526537,83.65436663,9.88372093,90.11627907,37.04,83.76,12.86654031,34.923
4354,OMN,Oman,2020,0.823,74.757,4.5433985,0.786677,0.834157928,76.788,73.289,13.24143028,13.87254047,12.7318697,11.85116959,12.27151012,11.62940025,30926.19077,12871.69308,41951.82229,0.943,0.261,87.59173148,88.65299552,9.88372093,90.11627907,38.74,86.65,14.40087036,39.6876
4355,OMN,Oman,2021,0.81,72.541,4.520471,0.771986625,0.823910984,74.716,70.984,12.96403027,13.46502972,12.58940983,11.87195969,12.2709651,11.66219521,31995.18658,12669.65827,44301.74695,0.937,0.268,90.42819759,93.65162441,9.88372093,90.11627907,34.97,83.84,15.67723806,48.671
4356,OMN,Oman,2022,0.819,73.935,4.576298,0.780083394,0.832785671,76.046,72.356,12.96403027,13.46502972,12.58940983,11.89274979,12.27042007,11.69499016,32967.43827,13055.18531,45769.09652,0.937,0.267,93.2646637,98.6502533,9.941520468,90.05847953,34.97,83.84,15.67723806,48.9599
4687,QAT,Qatar,1990,0.764,73.982,0.4416745,,,75.34,73.186,12.08216,14.09006977,10.96751022,6.414351989,6.878678768,6.2317183,64498.10583,,,,,44.90265823,40.18697288,,,,,25.83619177,76.8746
4688,QAT,Qatar,1991,0.761,73.966,0.4564855,,,74.918,73.349,11.86357021,13.80224037,10.78812027,6.547884967,7.07210383,6.337940771,61310.36565,,,,,46.21188339,40.93340435,,,,,38.07455212,50.0679
4689,QAT,Qatar,1992,0.766,74.122,0.4712925,,,75.492,73.357,11.79516983,13.56962967,10.87763023,6.681417946,7.265528892,6.444163242,66118.0704,,,,,47.52110854,41.67983582,,,,,56.8230379,52.1595
4690,QAT,Qatar,1993,0.772,74.243,0.4860405,,,75.32,73.604,12.20510006,13.99193954,11.2895298,6.814950924,7.458953955,6.550385713,63262.09601,,,,,48.83033369,42.42626729,,,,,63.13150537,52.1082
4691,QAT,Qatar,1994,0.778,74.348,0.5006825,,,75.355,73.744,12.48740005,13.98843002,11.76091957,6.948483902,7.652379017,6.656608184,62283.31523,,,,,50.13955885,43.17269875,,,,,64.59855837,53.1308
4692,QAT,Qatar,1995,0.779,74.25,0.5151325,0.744569348,0.780586661,75.414,73.594,12.51344967,13.87895966,11.72556973,7.08201688,7.845804079,6.762830655,61988.61217,17906.90799,83948.63203,0.954,,51.448784,43.91913022,,,32.45,88.84,64.32727082,67.6128
4693,QAT,Qatar,1996,0.783,74.685,0.5292655,0.750669819,0.784147158,76.268,73.86,12.61415958,13.98455048,11.77025032,7.196473719,7.973948182,6.873774125,60714.5116,17666.97015,82283.08803,0.957,,52.18705314,44.66148283,,,32.45,88.84,65.04057514,70.9935
4694,QAT,Qatar,1997,0.794,74.787,0.550591,0.765699864,0.787227941,76.305,73.984,12.62568474,13.90223026,11.82953024,7.310930557,8.102092286,6.984717595,76041.00114,23769.16391,102201.5282,0.973,,52.92532227,45.40383544,,,33.44,89.2,76.61294863,75.8678
4695,QAT,Qatar,1998,0.796,74.809,0.5809975,0.767731065,0.789997739,76.246,74.044,12.63720989,13.81991005,11.88881016,7.425387396,8.230236389,7.095661064,79965.7025,24568.1464,107462.0602,0.972,,53.66359141,46.14618805,,,34.46,89.56,63.49034504,82.5828
4696,QAT,Qatar,1999,0.795,74.8,0.613302,0.770160019,0.786615233,76.272,74.032,12.43021965,13.84119987,11.49899006,7.539844234,8.358380493,7.206604534,78861.74791,24790.02898,105483.8441,0.979,,54.40186055,46.88854065,,,35.49,89.91,59.10318245,61.8187
4697,QAT,Qatar,2000,0.793,74.828,0.645937,0.772697469,0.781363733,76.203,74.106,12.12788963,13.79654503,10.9392252,7.654301073,8.486524597,7.317548004,80031.43108,25710.48759,106592.6776,0.989,,55.14012968,47.63089326,,,36.51,90.27,62.41243341,63.297
4698,QAT,Qatar,2001,0.794,75.263,0.678831,0.789210932,0.777899026,77.033,74.391,11.82555962,13.75189018,10.37946033,7.81644826,8.650935899,7.485143458,77504.0133,32574.47106,99342.85937,1.015,,56.05407759,48.80764451,,,37.53,90.63,67.49441319,69.5331
4699,QAT,Qatar,2002,0.796,75.412,0.7131855,0.778145414,0.78271703,76.97,74.62,11.73925018,13.46205997,10.46125984,7.978595448,8.815347202,7.652738912,78557.99057,26346.40344,103838.0285,0.994,,56.9680255,49.98439576,,,38.55,90.99,63.19066835,65.0932
4700,QAT,Qatar,2003,0.801,75.565,0.7485255,0.784461191,0.788738331,77.156,74.76,11.90894985,13.59550953,10.66786003,8.140742636,8.979758505,7.820334367,79964.8911,27425.85741,105333.2731,0.995,,57.88197341,51.16114701,,,39.58,91.34,62.14221302,74.4293
4701,QAT,Qatar,2004,0.804,75.961,0.7779435,0.793488871,0.792239018,77.736,75.078,11.77958012,13.43352985,10.62269974,8.302889824,9.144169807,7.987929821,86783.93427,31131.51262,113958.9496,1.002,,58.79592133,52.33789825,,,40.6,91.7,60.82759277,75.0958
4702,QAT,Qatar,2005,0.811,76.064,0.84871,0.79922984,0.799797919,78.33,74.982,11.83990002,13.57485008,10.71280003,8.694486618,9.479646683,8.428423246,80197.34454,29218.3524,103895.7094,0.999,,62.07761383,55.79865265,,,43.52,92.78,56.02702926,114.4068
4703,QAT,Qatar,2006,0.818,76.57,1.01506,0.81348849,0.80828369,79.278,75.347,11.73237991,13.46446037,10.71854019,9.086083412,9.815123558,8.86891667,91831.65351,33650.08927,114818.3997,1.006,0.698,65.35930634,59.25940704,0.01,99.99,46.43,93.86,58.74529584,118.3116
4704,QAT,Qatar,2007,0.827,77.016,1.2318935,0.821281541,0.820921678,79.734,75.839,11.87314034,13.52138996,11.01895046,9.477680206,10.15060043,9.309410095,89343.86275,34156.4629,107944.0436,1.0,0.691,68.64099884,62.72016144,0.01,99.99,49.35,94.94,48.20467362,139.2416
4705,QAT,Qatar,2008,0.835,77.427,1.4442775,0.822615745,0.831556171,79.94,76.326,12.22560978,13.72371006,11.55615997,9.591139793,10.36431026,9.430620193,89146.57575,31061.66241,107056.6669,0.989,0.69,69.1884079,65.54836273,0.01,99.99,49.24,95.49,42.67664721,140.8157
4706,QAT,Qatar,2009,0.833,77.878,1.6102745,0.820363074,0.829988567,80.232,76.808,12.40295982,13.80840015,11.8881197,9.163060188,10.53732014,8.892359734,85942.9953,27047.65305,103928.7117,0.988,0.686,70.10204315,62.0915184,0.01,99.99,49.13,96.04,40.41156971,126.0269
4707,QAT,Qatar,2010,0.829,78.425,1.7135035,0.831669368,0.825174323,80.492,77.388,12.54948997,13.71004009,12.12355042,8.548800468,10.03818989,8.192020416,93527.4535,38996.01429,110985.4007,1.008,0.669,64.54936218,47.58821106,0.01,99.99,52.21,95.97,42.84880572,109.6346
4708,QAT,Qatar,2011,0.83,78.891,1.8041715,0.826309119,0.828539375,80.538,77.965,12.32771015,13.25669956,11.98346996,8.65089035,9.860930443,8.356760025,103120.1263,40423.85761,124158.0007,0.997,0.669,62.66423035,50.12847137,0.01,99.99,52.12,95.72,45.16938805,108.7332
4709,QAT,Qatar,2012,0.84,79.227,1.90566,0.843188194,0.837686207,80.679,78.395,12.48701954,13.75922012,12.01465988,9.116559982,10.44944954,8.81114006,103823.1803,43247.08635,124816.9591,1.007,0.672,66.67165375,59.03725815,0.01,99.99,52.4,95.68,48.97043544,116.5868
4710,QAT,Qatar,2013,0.852,79.536,2.0355005,0.849300084,0.849498382,81.243,78.623,12.5227499,13.98268032,11.96247959,9.802619934,10.67131042,9.588959694,103999.4295,41597.09826,125866.9692,1.0,0.675,69.79151917,69.41266632,0.01,99.99,48.6,93.63,40.68192548,109.6084
4711,QAT,Qatar,2014,0.85,79.768,2.2144645,0.856232598,0.848311079,81.415,78.884,12.35890961,13.83269978,11.93134022,9.723939896,10.90538979,9.450209618,101443.0384,46012.37804,120323.3653,1.009,0.664,70.91223145,67.78816223,0.01,99.99,54.98,95.94,41.17364691,133.6654
4712,QAT,Qatar,2015,0.852,80.064,2.4145725,0.865246281,0.848769867,81.661,79.227,12.4894104,14.32215023,11.90443039,9.695640087,10.99220991,9.396179676,99811.29432,47576.37364,116983.3304,1.019,0.656,72.19377518,66.9536171,0.01,99.99,57.85,96.1,37.76829278,98.2494
4713,QAT,Qatar,2016,0.853,80.433,2.595166,0.867220086,0.84880625,82.064,79.584,12.45662975,14.25977993,11.83893967,9.667340279,11.07903004,9.342149734,97153.05774,47147.00134,113509.582,1.022,0.65,73.47531891,66.11907196,0.01,99.99,60.39,99.81,33.67225834,108.7901
4714,QAT,Qatar,2017,0.862,80.717,2.7117545,0.874093675,0.858622944,82.312,79.847,13.00067997,14.93774986,12.51710033,9.730019569,11.27165985,9.367320061,91937.56355,43561.66337,108135.1224,1.018,0.176,75.77124023,66.18224335,9.756097561,90.24390244,58.43,95.64,36.91753127,96.6274
4715,QAT,Qatar,2018,0.866,80.898,2.766732,0.875259926,0.864032715,82.462,80.028,13.13239002,14.95256042,12.75271034,9.86211879,11.44392157,9.489158573,89570.60341,41941.36096,106079.232,1.013,0.17,77.74013614,67.88338701,9.756097561,90.24390244,57.9,94.97,34.5042093,82.6427
4716,QAT,Qatar,2019,0.869,80.99,2.807235,0.878617039,0.864454845,82.646,80.064,13.19771957,15.16504955,12.62609005,9.99601145,11.61881592,9.61258181,88646.63743,40405.74375,106275.2835,1.016,0.167,79.76019329,69.62825676,9.756097561,90.24390244,57.94,95.91,35.98523102,79.948
4717,QAT,Qatar,2020,0.863,79.099,2.760385,0.873809375,0.857938938,80.679,78.225,13.26426983,15.28956032,12.64908981,10.1317219,11.79638314,9.737610384,87384.9076,41704.72718,104582.6664,1.018,0.168,81.8327411,71.4179765,9.756097561,90.24390244,58.4,95.75,37.13293617,59.4577
4718,QAT,Qatar,2021,0.864,79.272,2.688235,0.875835352,0.858357872,80.937,78.314,13.26426983,15.28956032,12.64908981,10.1317219,11.79638314,9.737610384,91760.27693,42345.1745,110339.8214,1.02,0.216,81.8327411,71.4179765,4.444444444,95.55555556,59.6,95.41,39.88427351,60.4693
4719,QAT,Qatar,2022,0.875,81.559,2.695122,0.892561376,0.869100423,83.101,80.626,13.26426983,15.28956032,12.64908981,10.1317219,11.79638314,9.737610384,95944.37754,47963.67663,114134.8423,1.027,0.212,81.8327411,71.4179765,4.444444444,95.55555556,61.73,95.33,39.88427351,63.5912
5017,SAU,Saudi Arabia,1990,0.699,68.948,16.0047625,0.579418428,0.747957045,70.712,67.724,11.09114828,10.07837934,11.41441465,5.574122405,3.507945652,6.872998987,43800.34381,7940.265663,70911.05993,0.775,,20.42694829,42.79432988,,,14.16,80.89,13.02718447,18.1008
5018,SAU,Saudi Arabia,1991,0.707,69.366,16.6542765,0.589886744,0.754174417,71.301,68.065,11.21455822,10.25174308,11.52491659,5.674557043,3.650969332,6.938358858,47543.4521,8586.004471,76874.76914,0.782,,21.40661761,43.39314807,,,14.16,80.89,17.32561055,21.0155
5019,SAU,Saudi Arabia,1992,0.713,69.925,17.2813495,0.600223095,0.759425015,71.876,68.639,11.33934133,10.42808894,11.63648828,5.774991681,3.793993011,7.00371873,47251.24759,9262.835165,75770.46542,0.79,,22.38628693,43.99196625,,,14.49,79.96,18.29571764,22.1848
5020,SAU,Saudi Arabia,1993,0.717,70.303,17.8464605,0.603540819,0.76301301,72.171,69.082,11.46551288,10.60746822,11.74914009,5.875426319,3.93701669,7.069078601,45504.93087,8753.003398,73056.25243,0.791,,23.36595625,44.59078444,,,14.83,79.04,19.08739217,21.1675
5021,SAU,Saudi Arabia,1994,0.72,70.705,18.3675275,0.610004685,0.765509401,72.686,69.419,11.59308833,10.7899331,11.86288247,5.975860957,4.08004037,7.134438473,43849.13444,8706.631972,70154.09633,0.797,,24.34562557,45.18960262,,,15.16,78.12,18.16482871,19.6161
5022,SAU,Saudi Arabia,1995,0.724,71.011,18.888857,0.61574126,0.769152293,72.806,69.825,11.7220833,10.97553667,11.97772598,6.076295595,4.223064049,7.199798344,43142.31937,8831.139938,68805.86758,0.801,,25.32529489,45.78842081,,,15.5,77.2,14.1952422,17.236
5023,SAU,Saudi Arabia,1996,0.728,71.273,19.4102795,0.623237899,0.772271913,73.225,69.992,11.85251359,11.1643329,12.09368128,6.194808468,4.400877273,7.308050631,42449.99359,8960.934256,67517.32208,0.807,,26.61778406,46.69168864,,,15.83,76.27,13.5663061,17.5627
5024,SAU,Saudi Arabia,1997,0.732,71.483,19.938377,0.629714475,0.775594695,73.407,70.207,11.98439515,11.35637672,12.21075913,6.31332134,4.578690496,7.416302919,41758.50868,9086.044447,66222.8342,0.812,,27.91027322,47.59495648,,,16.17,75.35,11.11775547,16.5161
5025,SAU,Saudi Arabia,1998,0.738,71.879,20.47258,0.637408481,0.781461408,73.577,70.719,12.11774415,11.55172399,12.3289704,6.431834213,4.756503719,7.524555206,42231.59459,9469.832569,66765.30547,0.816,,29.20276238,48.49822431,,,16.5,74.43,10.41182401,16.3321
5026,SAU,Saudi Arabia,1999,0.74,72.136,21.00966,0.643141782,0.78239241,74.082,70.811,12.2525769,11.75043153,12.44832607,6.550347086,4.934316942,7.632807493,39771.54266,9191.788596,62679.14566,0.822,,30.49525154,49.40149214,,,16.84,73.51,11.01790795,16.1579
5027,SAU,Saudi Arabia,2000,0.746,72.467,21.5473895,0.64699078,0.788130209,74.394,71.128,12.38890993,11.95255715,12.56883721,6.668859959,5.112130165,7.74105978,40619.64523,8733.783906,64513.86574,0.821,,31.78774071,50.30475998,,,15.91,75.29,14.03085014,17.9035
5028,SAU,Saudi Arabia,2001,0.752,72.974,22.0859295,0.653759596,0.792555276,74.62,71.774,12.52675992,12.15815965,12.690515,6.882584929,5.507525086,7.820222259,39272.89931,8352.638188,62448.9443,0.825,,34.57555819,50.86959267,,,15.54,74.48,13.70568564,18.6856
5029,SAU,Saudi Arabia,2002,0.756,73.337,22.623415,0.660766171,0.794610888,74.94,72.128,12.66614374,12.36729883,12.81337075,7.0963099,5.902920008,7.899384737,37209.65292,7995.70893,59118.45679,0.832,,37.36337566,51.43442535,,,15.51,73.58,14.67416833,19.2199
5030,SAU,Saudi Arabia,2003,0.765,73.628,23.1508475,0.675937584,0.801662062,75.22,72.388,12.80707848,12.58003552,12.93741585,7.310034871,6.298314929,7.978547215,40346.59133,9057.315871,63844.31123,0.843,0.777,40.15119314,51.99925804,0.01,99.99,16.28,73.76,14.42671622,21.1925
5031,SAU,Saudi Arabia,2004,0.775,74.153,23.661808,0.69194029,0.808163728,75.953,72.728,12.94958138,12.79643162,13.06266183,7.523759842,6.69370985,8.057709694,42733.66399,10042.6047,67384.81998,0.856,0.766,42.93901062,52.56409073,0.01,99.99,17.04,73.94,16.94769901,20.3239
5032,SAU,Saudi Arabia,2005,0.783,74.588,24.397644,0.702449983,0.81634415,76.211,73.269,13.09366989,13.01655006,13.18912029,7.761379878,6.95037206,8.281793065,43848.15469,10785.79129,68816.71328,0.86,0.759,44.88691499,54.53321499,0.01,99.99,17.81,74.11,16.51174597,23.2318
5033,SAU,Saudi Arabia,2006,0.785,74.81,25.3828695,0.70273841,0.821348855,76.425,73.526,12.90024471,12.50283255,13.29765687,7.998999914,7.20703427,8.505876435,43423.37962,11142.88656,67725.07736,0.856,0.755,46.83481937,56.50233926,0.01,99.99,18.57,74.29,17.29973403,26.4148
5034,SAU,Saudi Arabia,2007,0.786,75.046,26.400068,0.699833825,0.826582052,76.61,73.829,12.70681953,12.00744561,13.40619345,8.236619949,7.46369648,8.729959806,42749.3107,10784.94935,66731.4216,0.847,0.756,48.78272374,58.47146352,0.01,99.99,18.14,74.49,14.92809791,29.2746
5035,SAU,Saudi Arabia,2008,0.794,75.274,27.437353,0.708005163,0.833339802,76.84,74.095,12.89645225,12.27817447,13.51473003,8.474239985,7.72035869,8.954043176,43889.08207,10955.79914,68509.39543,0.85,0.753,50.73062812,60.44058779,0.01,99.99,17.79,74.36,16.04905546,26.491
5036,SAU,Saudi Arabia,2009,0.798,75.431,28.4837965,0.719634372,0.835327095,76.932,74.334,13.08608497,12.54890332,13.62326661,8.711860021,7.977020899,9.178126547,41361.43966,12085.13188,63169.09071,0.862,0.753,52.67853249,62.40971205,0.01,99.99,17.39,74.16,16.61347678,28.4305
5037,SAU,Saudi Arabia,2010,0.805,75.763,29.411929,0.725995159,0.841378662,77.572,74.519,13.27571768,12.81963217,13.7318032,8.949480057,8.233683109,9.402209918,41867.96969,11461.39532,64488.98221,0.863,0.746,54.62643687,64.37883631,0.01,99.99,18.58,75.33,17.83643977,30.7114
5038,SAU,Saudi Arabia,2011,0.816,76.234,30.150945,0.747498382,0.850881608,77.833,75.124,13.4653504,13.09036102,13.84033978,9.187100093,8.490345319,9.626293288,45449.22593,15186.9549,68000.63941,0.878,0.742,56.57434124,66.34796058,0.01,99.99,19.76,76.49,16.68027652,30.5505
5039,SAU,Saudi Arabia,2012,0.824,76.461,30.8215435,0.759039469,0.857090679,78.084,75.33,13.65498311,13.36108987,13.94887636,9.424720128,8.747007529,9.850376659,46898.50007,16542.90791,69568.35362,0.886,0.741,58.52224562,68.31708484,0.01,99.99,20.29,77.61,18.39056208,33.5593
5040,SAU,Saudi Arabia,2013,0.831,76.626,31.4824975,0.764891282,0.86271614,78.254,75.487,13.84461583,13.63181872,14.05741294,9.662340164,9.003669739,10.07446003,47356.91601,16210.44869,70659.15671,0.887,0.295,60.47014999,70.28620911,19.86754967,80.13245033,20.06,78.19,17.29734407,35.0718
5041,SAU,Saudi Arabia,2014,0.836,76.757,32.125564,0.773078746,0.866756941,78.393,75.611,14.03424854,13.90254757,14.16594952,9.801830053,9.189617395,10.18514252,48399.96609,17012.19597,71920.8137,0.892,0.294,61.54924297,70.56430244,19.86754967,80.13245033,20.4,78.2,19.07645575,36.4595
5042,SAU,Saudi Arabia,2015,0.842,76.918,32.749848,0.778960668,0.871430574,78.555,75.766,14.22388126,14.17327642,14.2744861,9.941319942,9.375565052,10.295825,49700.97006,17032.16321,74020.14148,0.894,0.288,62.62833595,70.84239578,19.86754967,80.13245033,21.4,77.6,20.72831911,38.401
5043,SAU,Saudi Arabia,2016,0.846,77.064,33.4162695,0.786412235,0.874054526,78.716,75.861,14.41351397,14.44400527,14.38302268,10.08080983,9.561512709,10.40650749,49717.08825,17608.34542,73226.90798,0.9,0.284,63.70742893,71.12048912,19.86754967,80.13245033,22.23,78.33,20.87068066,31.581
5044,SAU,Saudi Arabia,2017,0.849,77.16,34.1931215,0.789062701,0.875650278,78.796,75.917,14.60314669,14.71473412,14.49155926,10.22029972,9.747460365,10.51718998,48263.33999,16707.8279,71123.18467,0.901,0.296,64.78652191,71.39858246,19.86754967,80.13245033,20.09,78.41,19.9120133,30.094
5045,SAU,Saudi Arabia,2018,0.856,77.212,35.018133,0.801949277,0.880742845,78.911,75.921,14.79277941,14.98546297,14.60009584,10.58370972,10.07704703,10.90161006,48208.37902,18687.95926,69522.7194,0.911,0.286,66.94930776,74.57415771,19.86754967,80.13245033,22.0,78.89,19.61544609,27.7915
5046,SAU,Saudi Arabia,2019,0.862,77.304,35.827362,0.809850682,0.886437291,78.909,76.07,14.98241212,15.25619182,14.70863242,10.94711971,10.40663369,11.28603013,47528.62848,19198.77901,67911.55675,0.914,0.278,69.11209361,77.74973297,19.86754967,80.13245033,24.56,80.26,19.73701552,26.9116
5047,SAU,Saudi Arabia,2020,0.861,76.239,35.9971065,0.81301366,0.884241067,77.992,74.966,15.17204484,15.52692067,14.817169,11.31052971,10.73622036,11.67045021,45563.29665,19644.33185,64313.95158,0.919,0.249,71.27487946,80.92530823,19.86754967,80.13245033,29.51,79.79,16.96728018,25.8379
5048,SAU,Saudi Arabia,2021,0.867,76.936,35.950396,0.820585241,0.88907068,78.771,75.59,15.17204484,15.52692067,14.817169,11.31052971,10.73622036,11.67045021,47441.15392,21147.7531,66666.72517,0.923,0.23,71.27487946,80.92530823,19.86754967,80.13245033,34.55,79.17,17.56422655,25.7646
5049,SAU,Saudi Arabia,2022,0.875,77.905,36.40882,0.832017761,0.896577417,79.525,76.666,15.17204484,15.52692067,14.817169,11.31052971,10.73622036,11.67045021,50620.43706,24647.00035,69723.10773,0.928,0.229,71.27487946,80.92530823,19.86754967,80.13245033,34.46,79.64,17.56422655,27.1018
6073,ARE,United Arab Emirates,1990,0.717,71.9,1.9001515,,,74.922,70.262,9.683460236,10.58191013,9.085780144,5.759906188,5.89831638,5.704969792,97331.0236,,,,,43.90729615,42.27617368,0.01,99.99,,,27.21036381,32.9828
6074,ARE,United Arab Emirates,1991,0.729,72.241,2.0083835,,,75.04,70.698,10.05986023,10.95071983,9.510000229,6.058643774,6.237418193,5.991240677,91672.60196,,,,,46.27607129,44.44659776,0.01,99.99,,,28.21842248,35.4983
6075,ARE,United Arab Emirates,1992,0.734,72.306,2.116231,,,74.99,70.831,10.09360981,10.91646957,9.592399597,6.35738136,6.576520006,6.277511563,89126.91514,,,,,48.64484643,46.61702185,0.01,99.99,,,27.29243641,44.4987
6076,ARE,United Arab Emirates,1993,0.743,72.521,2.223284,,,75.524,70.938,10.2863102,11.00368977,9.844490051,6.656118945,6.915621819,6.563782448,89285.19434,,,,,51.01362157,48.78744593,0.01,99.99,,,29.49042947,35.6089
6077,ARE,United Arab Emirates,1994,0.75,72.598,2.329024,,,75.595,71.027,10.39297062,11.16989936,9.934724849,6.954856531,7.254723632,6.850053334,94149.48241,,,,,53.38239671,50.95787002,0.01,99.99,,,32.20683857,39.7384
6078,ARE,United Arab Emirates,1995,0.756,72.695,2.4339885,0.733023496,0.752555465,75.633,71.152,10.49963105,11.33610895,10.02495965,7.253594116,7.593825445,7.13632422,99256.39533,27469.99485,133904.6454,0.974,0.763,55.75117184,53.12829411,0.01,99.99,31.33,92.24,29.77151079,37.0737
6079,ARE,United Arab Emirates,1996,0.762,72.767,2.572735,0.734140824,0.758614623,75.343,71.365,10.60629148,11.50231855,10.11519445,7.499131858,7.863051732,7.375564888,98908.50028,25462.84607,134074.3147,0.968,0.766,57.47428085,54.75160298,0.01,99.99,29.98,92.03,29.3120745,33.9786
6080,ARE,United Arab Emirates,1997,0.768,72.937,2.7461185,0.740260005,0.764509257,75.534,71.555,10.71295191,11.66852814,10.20542924,7.7446696,8.13227802,7.614805557,99484.41674,25209.67744,134693.3365,0.968,0.764,59.19738985,56.37491185,0.01,99.99,28.55,89.51,26.55365627,31.0309
6081,ARE,United Arab Emirates,1998,0.774,73.066,2.92113,0.746432381,0.770154653,75.676,71.704,10.81961234,11.83473774,10.29566404,7.990207341,8.401504308,7.854046226,95018.03515,25162.19119,127852.7502,0.969,0.756,60.92049886,57.99822073,0.01,99.99,29.59,88.8,27.42305204,36.751
6082,ARE,United Arab Emirates,1999,0.781,73.67,3.097563,0.755246372,0.77809292,76.193,72.348,10.92627277,12.00094733,10.38589884,8.235745083,8.670730595,8.093286894,93200.29755,25649.26687,124723.8901,0.971,0.75,62.64360786,59.6215296,0.01,99.99,30.82,89.16,24.96033172,36.9694
6083,ARE,United Arab Emirates,2000,0.79,74.38,3.275333,0.771081432,0.786805164,76.617,73.166,11.03293319,12.16715692,10.47613364,8.481282824,8.939956883,8.332527563,98871.50425,30857.29792,130415.0468,0.98,0.75,64.36671687,61.24483847,0.01,99.99,29.03,84.78,34.13793346,35.3601
6084,ARE,United Arab Emirates,2001,0.794,74.636,3.4541975,0.771207998,0.789976967,76.998,73.388,11.13959362,12.33336652,10.56636843,8.583590217,9.163969596,8.395916116,97738.30717,26733.51573,130491.4769,0.976,0.744,65.666045,61.01036052,0.01,99.99,29.97,88.28,29.36079518,36.8662
6085,ARE,United Arab Emirates,2002,0.798,74.901,3.6336545,0.774708209,0.793239159,77.35,73.631,11.24625405,12.49957611,10.65660323,8.685897609,9.387982309,8.45930467,91452.14791,25102.54155,121914.111,0.977,0.741,66.96537314,60.77588258,0.01,99.99,29.82,87.98,23.295855,42.7145
6086,ARE,United Arab Emirates,2003,0.807,76.222,3.813443,0.786974972,0.801686576,78.521,74.984,11.35291448,12.66578571,10.74683803,8.788205001,9.611995021,8.522693223,93965.92346,26222.13741,124937.6506,0.982,0.73,68.26470127,60.54140463,0.01,99.99,30.27,88.12,27.91259762,46.6506
6087,ARE,United Arab Emirates,2004,0.811,76.453,3.993339,0.795878384,0.804814646,78.784,75.202,11.45957491,12.8319953,10.83707283,8.890512394,9.836007734,8.586081776,98831.89033,27927.43359,131123.2119,0.989,0.727,69.56402941,60.30692668,0.01,99.99,30.73,88.63,27.97223076,53.3048
6088,ARE,United Arab Emirates,2005,0.815,76.683,4.2809935,0.809682472,0.807920461,79.033,75.417,11.56623533,12.99820489,10.92730763,8.992819786,10.06002045,8.649470329,97835.45715,33089.3613,126875.6897,1.002,0.713,70.86335754,60.07244873,0.01,99.99,37.77,92.7,26.72263188,45.92
6089,ARE,United Arab Emirates,2006,0.82,76.909,4.8989545,0.811948273,0.812489179,79.289,75.639,11.67289576,13.16441449,11.01754242,9.160983432,10.095584,8.808244382,94550.08624,32251.16021,121280.2775,0.999,0.323,71.29934883,61.82469686,5.0,95.0,39.12,91.59,24.84307875,49.5938
6090,ARE,United Arab Emirates,2007,0.825,77.129,5.872624,0.810652666,0.816865658,79.52,75.825,11.77955619,13.33062408,11.10777722,9.329147079,10.13114755,8.967018435,82420.64223,29245.86071,103933.4775,0.992,0.208,71.73534012,63.57694499,22.5,77.5,40.47,90.48,22.66865715,50.085
6091,ARE,United Arab Emirates,2008,0.827,77.488,6.9886845,0.829191252,0.821292647,79.75,76.027,11.88621662,13.49683368,11.19801202,9.497310725,10.1667111,9.125792488,69933.53169,40474.40251,81285.51613,1.01,0.192,72.17133141,65.32919312,22.5,77.5,41.82,89.37,21.99033151,48.2326
6092,ARE,United Arab Emirates,2009,0.825,78.003,7.992644,0.799183411,0.823863741,79.982,76.233,11.99287705,13.66304327,11.28824682,9.665474371,10.20227465,9.284566542,57728.34951,20233.80718,71741.13972,0.97,0.185,72.60732269,67.08144124,22.5,77.5,42.07,88.93,21.0209913,35.1409
6093,ARE,United Arab Emirates,2010,0.828,78.334,8.481771,0.806791487,0.825351008,80.203,76.459,12.09953748,13.82925287,11.37848162,9.833638018,10.2378382,9.443340595,54658.849,22109.3015,66818.32343,0.978,0.177,73.04331398,68.83368937,22.5,77.5,43.38,89.54,21.79288972,29.6136
6094,ARE,United Arab Emirates,2011,0.835,78.517,8.575205,0.814084266,0.832111273,80.415,76.665,12.2061979,13.99546246,11.46871641,10.00180166,10.27340175,9.602114648,57850.56544,24036.41124,70724.86015,0.978,0.185,73.47930527,70.5859375,17.5,82.5,44.68,90.16,23.04004394,31.4367
6095,ARE,United Arab Emirates,2012,0.841,78.716,8.6649695,0.820190141,0.838299367,80.623,76.931,12.31285833,14.16167205,11.55895121,10.16996531,10.3089653,9.760888701,60013.46328,25528.78817,73381.23683,0.978,0.177,73.91529655,72.33818563,17.5,82.5,45.99,90.77,23.93456918,26.5214
6096,ARE,United Arab Emirates,2013,0.847,78.853,8.7518475,0.826275572,0.843306276,80.828,77.084,12.41951876,14.32788165,11.64918601,10.33812896,10.34452886,9.919662754,62449.02496,27114.4096,76382.64504,0.98,0.168,74.35128784,74.09043376,17.5,82.5,47.29,91.38,24.37600886,24.65
6097,ARE,United Arab Emirates,2014,0.853,79.044,8.8359515,0.83180257,0.857718139,81.023,77.331,12.52617919,14.49409124,11.73942081,10.5062926,10.38009241,10.78278481,64464.60289,28504.10894,78877.68848,0.97,0.159,74.78727913,75.84268188,17.5,82.5,48.6,91.99,23.76461798,26.8872
6098,ARE,United Arab Emirates,2015,0.86,79.223,8.916899,0.838587483,0.862260758,81.212,77.563,12.63283962,14.66030084,11.82965561,10.67445625,10.41565596,10.95537399,68400.74174,30767.32147,83718.14069,0.973,0.135,75.22327042,77.59493001,22.5,77.5,49.9,92.61,25.30965081,23.3172
6099,ARE,United Arab Emirates,2016,0.866,79.335,8.994263,0.85310089,0.866249942,81.396,77.684,12.73950005,14.82651043,11.9198904,10.8426199,10.45121951,11.12796317,71631.75268,39030.79773,85093.80938,0.985,0.128,75.6592617,79.34717814,22.5,77.5,51.21,93.22,25.19436,27.461
6100,ARE,United Arab Emirates,2017,0.898,79.504,9.0682955,0.881065146,0.900858417,81.626,77.871,14.21214962,16.01968002,13.4900198,12.05539989,11.62022018,12.37265968,71688.62777,39557.13509,85138.45335,0.978,0.112,76.09525299,81.09942627,22.5,77.5,52.82,92.7,23.43223027,24.7691
6101,ARE,United Arab Emirates,2018,0.917,79.627,9.1401695,0.896842495,0.915552099,81.79,78.028,15.48441458,17.26421356,14.45331319,12.48400021,11.92582989,12.68006992,71793.00248,39110.31506,85652.83565,0.98,0.099,78.24723816,84.51493835,22.5,77.5,52.75,93.08,22.89656789,25.9664
6102,ARE,United Arab Emirates,2019,0.933,79.726,9.211657,0.923321908,0.927613144,81.907,78.175,16.75667953,18.5087471,15.41660659,12.69402981,12.52534008,12.80508041,72131.13487,49980.51718,81645.60313,0.995,0.045,81.99700165,85.59674072,50.0,50.0,57.62,92.06,23.83464777,27.3313
6103,ARE,United Arab Emirates,2020,0.93,78.946,9.287289,0.914971447,0.934107359,81.112,77.464,17.20813942,19.75328064,16.37989998,12.73389006,12.5568552,12.85548544,67353.43791,45584.28474,76806.66487,0.98,0.03,82.01306915,85.87095642,50.0,50.0,61.83,88.94,23.3403203,24.7848
6104,ARE,United Arab Emirates,2021,0.931,78.71,9.3651445,0.915861106,0.93340875,80.937,77.216,17.20813942,19.75328064,16.37989998,12.77375031,12.58837032,12.90589046,69550.4956,46936.29118,79458.41784,0.981,0.042,82.02913666,86.14517212,50.0,50.0,52.57,90.28,25.33327567,28.7677
6105,ARE,United Arab Emirates,2022,0.937,79.196,9.4411285,0.922939594,0.936027371,81.412,77.72,17.20813942,19.75328064,16.37989998,12.77375031,12.58837032,12.90589046,74103.71494,51509.56703,84087.84953,0.986,0.035,82.02913666,86.14517212,50.0,50.0,55.32,89.45,25.33327567,28.1632
6337,YEM,Yemen,1990,0.357,58.699,13.375121,,,60.57,56.811,5.393598749,2.472909747,8.572309463,0.29,0.1,0.5,2390.861687,,,,,0.42,2.05,,,,,0.711784215,6.9664
6338,YEM,Yemen,1991,0.361,59.049,13.895851,,,61.054,57.04,5.551342272,2.634658592,8.670923421,0.362,0.12,0.622,2278.853573,,,,,0.518,3.02,,,,,0.656843543,2.2747
6339,YEM,Yemen,1992,0.368,59.428,14.433771,,,61.32,57.523,5.71369923,2.806987156,8.770671813,0.434,0.14,0.744,2288.669529,,,,,0.616,3.99,,,,,0.684062398,2.2286
6340,YEM,Yemen,1993,0.374,59.859,14.9880465,,,61.701,58.001,5.880804551,2.990587439,8.871567689,0.506,0.16,0.866,2309.043653,,,,,0.714,4.96,,,,,0.575485252,2.7483
6341,YEM,Yemen,1994,0.378,59.714,15.553171,0.253312977,0.458102826,61.876,57.571,6.052797106,3.186196707,8.973624248,0.578,0.18,0.988,2275.655882,655.0728483,3879.452342,0.553,,0.812,5.93,,,16.87,74.08,0.637175532,2.4492
6342,YEM,Yemen,1995,0.389,60.453,16.103339,0.268228701,0.468828743,62.3,58.593,6.229819829,3.394600446,9.076854844,0.65,0.2,1.11,2492.917305,789.7857451,4176.574451,0.572,,0.91,6.9,,,17.86,73.24,0.68696933,2.9741
6343,YEM,Yemen,1996,0.4,60.568,16.6143265,0.282120463,0.477927572,62.433,58.693,6.412019836,3.616635521,9.181272982,0.76,0.244,1.282,2778.053943,928.2296067,4604.676998,0.59,,1.246,8.096,,,18.84,72.41,0.680292418,3.288
6344,YEM,Yemen,1997,0.408,61.119,17.1086815,0.293787004,0.485470872,62.999,59.23,6.599548543,3.853193535,9.286892323,0.87,0.288,1.454,2866.336779,1007.418836,4700.011607,0.605,,1.582,9.292,,,19.83,71.57,0.711416619,3.2139
6345,YEM,Yemen,1998,0.417,61.375,17.6081335,0.305776866,0.492709785,63.283,59.46,6.792561796,4.105224409,9.393726685,0.98,0.332,1.626,3022.688391,1114.844142,4902.734729,0.621,0.81,1.918,10.488,0.664451827,99.33554817,20.81,70.74,0.729373182,3.9614
6346,YEM,Yemen,1999,0.424,61.975,18.1145515,0.314967282,0.498116922,63.921,60.024,6.991219997,4.373740196,9.501790047,1.09,0.376,1.798,2954.53351,1126.763995,4753.937387,0.632,0.804,2.254,11.684,0.664451827,99.33554817,21.8,69.9,0.810823254,3.6264
6347,YEM,Yemen,2000,0.434,62.588,18.6287005,0.323420672,0.507963838,64.552,60.619,7.207654953,4.703197598,9.609615088,1.2,0.42,1.97,3116.124283,1094.921308,5104.102856,0.637,0.805,2.59,12.88,0.664451827,99.33554817,19.36,69.6,0.844143714,3.2731
6348,YEM,Yemen,2001,0.444,63.222,19.143457,0.330341405,0.517813975,65.166,61.27,7.424089909,5.032655001,9.717440128,1.332,0.5,2.154,3244.274524,1021.29866,5428.708859,0.638,0.806,3.072,13.992,0.668896321,99.33110368,16.92,69.3,0.892069807,3.568
6349,YEM,Yemen,2002,0.453,63.906,19.6606525,0.334633292,0.526746289,65.855,61.946,7.640524864,5.362112403,9.825265169,1.464,0.58,2.338,3298.796431,911.6518729,5642.423545,0.635,0.808,3.554,15.104,0.668896321,99.33110368,14.48,69.0,0.843379922,3.5676
6350,YEM,Yemen,2003,0.462,64.541,20.188799,0.33665282,0.535544775,66.514,62.556,7.85695982,5.691569805,9.93309021,1.596,0.66,2.522,3363.702378,793.4276318,5884.929102,0.629,0.832,4.036,16.216,0.332225914,99.66777409,12.04,68.7,0.915438308,3.4761
6351,YEM,Yemen,2004,0.47,65.006,20.733406,0.332279015,0.544042723,66.849,63.138,8.075110435,6.003240108,10.06103039,1.728,0.74,2.706,3386.742663,642.0800511,6076.76279,0.611,0.838,4.518,17.328,0.332225914,99.66777409,9.6,68.4,0.96352717,3.9081
6352,YEM,Yemen,2005,0.476,65.543,21.3206705,0.339524433,0.548621456,67.411,63.65,8.133910179,6.23871994,9.94987011,1.86,0.82,2.89,3464.868977,648.2618861,6223.21584,0.619,0.814,5.0,18.44,0.72815534,99.27184466,10.8,77.4,1.015990538,4.5202
6353,YEM,Yemen,2006,0.481,65.988,21.9662975,0.346532241,0.551490367,68.028,63.939,8.045473417,6.318759918,9.699596723,2.008,0.918,3.074,3633.88596,674.0415639,6530.594895,0.628,0.812,5.712,20.086,0.72815534,99.27184466,10.6,76.6,1.083068253,5.2478
6354,YEM,Yemen,2007,0.485,66.565,22.641538,0.350917919,0.553680264,68.584,64.535,7.957036654,6.398799896,9.449323336,2.156,1.016,3.258,3652.859418,673.1484188,6567.306423,0.634,0.806,6.424,21.732,0.72815534,99.27184466,10.4,75.6,1.041037937,5.6936
6355,YEM,Yemen,2008,0.488,66.963,23.329004,0.354058952,0.55522824,68.867,65.037,7.868599892,6.478839874,9.19904995,2.304,1.114,3.442,3650.162913,666.7745862,6566.42812,0.638,0.804,7.136,23.378,0.72815534,99.27184466,10.2,74.7,1.046212689,5.5037
6356,YEM,Yemen,2009,0.493,67.196,24.0295885,0.35892807,0.55903618,69.317,65.076,7.943425179,6.61255002,9.216819763,2.452,1.212,3.626,3677.941694,666.3556846,6620.143089,0.642,0.8,7.848,25.024,0.72815534,99.27184466,9.93,73.67,1.114322014,4.2147
6357,YEM,Yemen,2010,0.496,67.28,24.7439455,0.374802036,0.561319993,69.397,65.165,8.018250465,6.746260166,9.234589577,2.6,1.31,3.81,3651.689508,809.1168417,6427.496652,0.668,0.792,8.56,26.67,0.72815534,99.27184466,9.97,67.11,1.039179442,4.2225
6358,YEM,Yemen,2011,0.495,67.419,25.47561,0.361688421,0.561177546,69.49,65.348,8.368570328,7.069600105,9.610659599,2.8,1.51,4.016,2954.204664,579.0669137,5272.528478,0.645,0.792,10.328,28.296,0.72815534,99.27184466,8.99,66.69,0.883798268,3.7143
6359,YEM,Yemen,2012,0.497,67.343,26.2233905,0.356579304,0.56274886,69.414,65.275,8.288971821,7.008651463,9.485216337,3.0,1.71,4.222,2942.518478,521.8895336,5304.273258,0.634,0.794,12.096,29.922,0.72815534,99.27184466,8.01,66.26,0.77624591,4.0193
6360,YEM,Yemen,2013,0.496,67.545,26.984002,0.347653736,0.561116919,69.528,65.557,8.210130423,6.948228272,9.361410424,2.901699955,1.628614562,4.067147722,2994.007003,473.3684098,5452.353122,0.62,0.796,13.864,31.548,0.72815534,99.27184466,7.02,65.84,1.006537133,4.0238
6361,YEM,Yemen,2014,0.485,67.384,27.753304,0.320899461,0.549805784,69.442,65.334,8.131289025,6.887805082,9.237604512,2.803399909,1.547229123,3.912295443,2582.869899,348.0123244,4761.664228,0.584,0.803,15.632,33.174,0.72815534,99.27184466,6.04,65.41,0.953998126,3.6964
6362,YEM,Yemen,2015,0.455,65.873,28.516545,0.28182848,0.515129628,68.899,63.005,8.052447627,6.827381891,9.113798599,2.705099864,1.465843685,3.757443165,1659.403107,238.7841659,3044.429133,0.547,0.811,17.4,34.8,0.486618005,99.513382,6.29,65.25,0.49387119,2.7718
6363,YEM,Yemen,2016,0.443,66.064,29.2740025,0.256216683,0.503344816,68.941,63.32,7.973606229,6.766958701,8.989992687,2.606799818,1.384458246,3.602590886,1386.769295,194.5793436,2549.491991,0.509,0.809,18.66,35.48,0.518134715,99.48186528,5.98,63.76,0.341849399,2.4907
6364,YEM,Yemen,2017,0.432,65.957,30.0343885,0.232556139,0.491498725,68.962,63.108,7.894764831,6.706535511,8.866186774,2.508499773,1.303072808,3.447738608,1207.062488,166.0378405,2222.709171,0.473,0.809,19.92,36.16,0.518134715,99.48186528,5.8,63.09,0.322783327,2.0188
6365,YEM,Yemen,2018,0.427,64.575,30.7905125,0.226087523,0.482830644,68.601,60.901,7.908281002,6.76492281,8.884059935,2.597941834,1.453569273,3.494484357,1170.253731,157.8320897,2158.799241,0.468,0.808,21.18,36.84,0.518134715,99.48186528,5.71,63.47,0.376479599,2.3783
6366,YEM,Yemen,2019,0.43,65.092,31.546691,0.226136911,0.486902972,68.627,61.807,7.921797174,6.823310108,8.901933095,2.687383896,1.604065739,3.541230106,1165.09074,155.8829579,2151.495858,0.464,0.789,22.44,37.52,0.970873786,99.02912621,5.61,63.01,0.375227944,1.7243
6367,YEM,Yemen,2020,0.43,64.65,32.2840455,0.225837282,0.486586215,67.885,61.636,7.935313345,6.881697407,8.919806255,2.776825958,1.754562204,3.587975855,1152.015672,154.8755585,2127.288904,0.464,0.787,23.7,38.2,0.970873786,99.02912621,5.7,63.73,0.337132465,1.4547
6368,YEM,Yemen,2021,0.425,63.753,32.9816415,0.219881204,0.480980452,67.134,60.629,7.935313345,6.881697407,8.919806255,2.776825958,1.754562204,3.587975855,1112.162989,150.7629729,2053.07452,0.457,0.821,23.7,38.2,0.294117647,99.70588235,5.84,64.69,0.351346981,1.5149
6369,YEM,Yemen,2022,0.424,63.72,33.696614,0.219081434,0.480185337,67.222,60.493,7.935313345,6.881697407,8.919806255,2.776825958,1.754562204,3.587975855,1105.763435,149.9716669,2041.915582,0.456,0.82,23.7,38.2,0.294117647,99.70588235,5.84,64.69,0.351346981,1.7087
